fund,date,capital_call,distribution,nav
Insight Venture Partners IX (2015),2015-12-31,15.85,0.0,
Insight Venture Partners IX (2015),2016-12-31,26.418,0.0,
Insight Venture Partners IX (2015),2017-12-31,26.417,0.0,
Insight Venture Partners IX (2015),2018-12-31,21.134,0.0,
Insight Venture Partners IX (2015),2019-12-31,10.567,2.805,
Insight Venture Partners IX (2015),2020-12-31,5.283,10.229,
Insight Venture Partners IX (2015),2021-12-31,0.0,26.728,
Insight Venture Partners IX (2015),2022-12-31,0.0,50.039,
Insight Venture Partners IX (2015),2023-12-31,0.0,67.126,
Insight Venture Partners IX (2015),2024-12-31,0.0,64.522,
Insight Venture Partners IX (2015),2025-12-31,0.0,44.439,
Insight Venture Partners IX (2015),2026-03-31,0.0,21.931,131.463
Lightspeed Venture Partners Select V (2022),2022-12-31,39.412,0.0,
Lightspeed Venture Partners Select V (2022),2023-12-31,40.053,0.0,
Lightspeed Venture Partners Select V (2022),2024-12-31,14.975,0.0,
Lightspeed Venture Partners Select V (2022),2025-12-31,2.06,0.0,
Lightspeed Venture Partners Select V (2022),2026-03-31,0.0,0.0,179.153
Insight Partners XII (2021),2021-12-31,250.01,0.0,
Insight Partners XII (2021),2022-12-31,233.763,0.0,
Insight Partners XII (2021),2023-12-31,80.408,0.0,
Insight Partners XII (2021),2024-12-31,10.175,0.0,
Insight Partners XII (2021),2025-12-31,0.474,0.0,
Insight Partners XII (2021),2026-03-31,0.0,0.663,628.423
