source,date,base,quote,rate,as_of,retrieved_at,url,license
ecb,2026-07-13,EUR,USD,1.1424,2026-10-02,2026-10-02,https://data-api.ecb.europa.eu/service/data/EXR/D.USD.EUR.SP00.A,Uso libre citando al BCE como fuente y reproduciendo los datos con exactitud (https://www.ecb.europa.eu/services/disclaimer/html/index.en.html); el tipo spot se convierte de composición continua a anual efectiva
ecb,2026-07-14,EUR,USD,1.1405,2026-10-02,2026-10-02,https://data-api.ecb.europa.eu/service/data/EXR/D.USD.EUR.SP00.A,Uso libre citando al BCE como fuente y reproduciendo los datos con exactitud (https://www.ecb.europa.eu/services/disclaimer/html/index.en.html); el tipo spot se convierte de composición continua a anual efectiva
ecb,2026-07-15,EUR,USD,1.1406,2026-10-02,2026-10-02,https://data-api.ecb.europa.eu/service/data/EXR/D.USD.EUR.SP00.A,Uso libre citando al BCE como fuente y reproduciendo los datos con exactitud (https://www.ecb.europa.eu/services/disclaimer/html/index.en.html); el tipo spot se convierte de composición continua a anual efectiva
ecb,2026-07-16,EUR,USD,1.1467,2026-10-02,2026-10-02,https://data-api.ecb.europa.eu/service/data/EXR/D.USD.EUR.SP00.A,Uso libre citando al BCE como fuente y reproduciendo los datos con exactitud (https://www.ecb.europa.eu/services/disclaimer/html/index.en.html); el tipo spot se convierte de composición continua a anual efectiva
ecb,2026-07-17,EUR,USD,1.1435,2026-10-02,2026-10-02,https://data-api.ecb.europa.eu/service/data/EXR/D.USD.EUR.SP00.A,Uso libre citando al BCE como fuente y reproduciendo los datos con exactitud (https://www.ecb.europa.eu/services/disclaimer/html/index.en.html); el tipo spot se convierte de composición continua a anual efectiva
ecb,2026-07-20,EUR,USD,1.1426,2026-10-02,2026-10-02,https://data-api.ecb.europa.eu/service/data/EXR/D.USD.EUR.SP00.A,Uso libre citando al BCE como fuente y reproduciendo los datos con exactitud (https://www.ecb.europa.eu/services/disclaimer/html/index.en.html); el tipo spot se convierte de composición continua a anual efectiva
ecb,2026-07-21,EUR,USD,1.1418,2026-10-02,2026-10-02,https://data-api.ecb.europa.eu/service/data/EXR/D.USD.EUR.SP00.A,Uso libre citando al BCE como fuente y reproduciendo los datos con exactitud (https://www.ecb.europa.eu/services/disclaimer/html/index.en.html); el tipo spot se convierte de composición continua a anual efectiva
ecb,2026-07-22,EUR,USD,1.1408,2026-10-02,2026-10-02,https://data-api.ecb.europa.eu/service/data/EXR/D.USD.EUR.SP00.A,Uso libre citando al BCE como fuente y reproduciendo los datos con exactitud (https://www.ecb.europa.eu/services/disclaimer/html/index.en.html); el tipo spot se convierte de composición continua a anual efectiva
ecb,2026-07-23,EUR,USD,1.1392,2026-10-02,2026-10-02,https://data-api.ecb.europa.eu/service/data/EXR/D.USD.EUR.SP00.A,Uso libre citando al BCE como fuente y reproduciendo los datos con exactitud (https://www.ecb.europa.eu/services/disclaimer/html/index.en.html); el tipo spot se convierte de composición continua a anual efectiva
ecb,2026-07-24,EUR,USD,1.1377,2026-10-02,2026-10-02,https://data-api.ecb.europa.eu/service/data/EXR/D.USD.EUR.SP00.A,Uso libre citando al BCE como fuente y reproduciendo los datos con exactitud (https://www.ecb.europa.eu/services/disclaimer/html/index.en.html); el tipo spot se convierte de composición continua a anual efectiva
ecb,2026-07-27,EUR,USD,1.1389,2026-10-02,2026-10-02,https://data-api.ecb.europa.eu/service/data/EXR/D.USD.EUR.SP00.A,Uso libre citando al BCE como fuente y reproduciendo los datos con exactitud (https://www.ecb.europa.eu/services/disclaimer/html/index.en.html); el tipo spot se convierte de composición continua a anual efectiva
ecb,2026-07-28,EUR,USD,1.1367,2026-10-02,2026-10-02,https://data-api.ecb.europa.eu/service/data/EXR/D.USD.EUR.SP00.A,Uso libre citando al BCE como fuente y reproduciendo los datos con exactitud (https://www.ecb.europa.eu/services/disclaimer/html/index.en.html); el tipo spot se convierte de composición continua a anual efectiva
ecb,2026-07-29,EUR,USD,1.138,2026-10-02,2026-10-02,https://data-api.ecb.europa.eu/service/data/EXR/D.USD.EUR.SP00.A,Uso libre citando al BCE como fuente y reproduciendo los datos con exactitud (https://www.ecb.europa.eu/services/disclaimer/html/index.en.html); el tipo spot se convierte de composición continua a anual efectiva
ecb,2026-07-30,EUR,USD,1.1476,2026-10-02,2026-10-02,https://data-api.ecb.europa.eu/service/data/EXR/D.USD.EUR.SP00.A,Uso libre citando al BCE como fuente y reproduciendo los datos con exactitud (https://www.ecb.europa.eu/services/disclaimer/html/index.en.html); el tipo spot se convierte de composición continua a anual efectiva
ecb,2026-07-31,EUR,USD,1.1485,2026-10-02,2026-10-02,https://data-api.ecb.europa.eu/service/data/EXR/D.USD.EUR.SP00.A,Uso libre citando al BCE como fuente y reproduciendo los datos con exactitud (https://www.ecb.europa.eu/services/disclaimer/html/index.en.html); el tipo spot se convierte de composición continua a anual efectiva
ecb,2026-08-03,EUR,USD,1.1535,2026-10-02,2026-10-02,https://data-api.ecb.europa.eu/service/data/EXR/D.USD.EUR.SP00.A,Uso libre citando al BCE como fuente y reproduciendo los datos con exactitud (https://www.ecb.europa.eu/services/disclaimer/html/index.en.html); el tipo spot se convierte de composición continua a anual efectiva
ecb,2026-08-04,EUR,USD,1.1515,2026-10-02,2026-10-02,https://data-api.ecb.europa.eu/service/data/EXR/D.USD.EUR.SP00.A,Uso libre citando al BCE como fuente y reproduciendo los datos con exactitud (https://www.ecb.europa.eu/services/disclaimer/html/index.en.html); el tipo spot se convierte de composición continua a anual efectiva
ecb,2026-08-05,EUR,USD,1.1554,2026-10-02,2026-10-02,https://data-api.ecb.europa.eu/service/data/EXR/D.USD.EUR.SP00.A,Uso libre citando al BCE como fuente y reproduciendo los datos con exactitud (https://www.ecb.europa.eu/services/disclaimer/html/index.en.html); el tipo spot se convierte de composición continua a anual efectiva
ecb,2026-08-06,EUR,USD,1.1542,2026-10-02,2026-10-02,https://data-api.ecb.europa.eu/service/data/EXR/D.USD.EUR.SP00.A,Uso libre citando al BCE como fuente y reproduciendo los datos con exactitud (https://www.ecb.europa.eu/services/disclaimer/html/index.en.html); el tipo spot se convierte de composición continua a anual efectiva
ecb,2026-08-07,EUR,USD,1.1535,2026-10-02,2026-10-02,https://data-api.ecb.europa.eu/service/data/EXR/D.USD.EUR.SP00.A,Uso libre citando al BCE como fuente y reproduciendo los datos con exactitud (https://www.ecb.europa.eu/services/disclaimer/html/index.en.html); el tipo spot se convierte de composición continua a anual efectiva
ecb,2026-08-10,EUR,USD,1.1555,2026-10-02,2026-10-02,https://data-api.ecb.europa.eu/service/data/EXR/D.USD.EUR.SP00.A,Uso libre citando al BCE como fuente y reproduciendo los datos con exactitud (https://www.ecb.europa.eu/services/disclaimer/html/index.en.html); el tipo spot se convierte de composición continua a anual efectiva
ecb,2026-08-11,EUR,USD,1.154,2026-10-02,2026-10-02,https://data-api.ecb.europa.eu/service/data/EXR/D.USD.EUR.SP00.A,Uso libre citando al BCE como fuente y reproduciendo los datos con exactitud (https://www.ecb.europa.eu/services/disclaimer/html/index.en.html); el tipo spot se convierte de composición continua a anual efectiva
ecb,2026-08-12,EUR,USD,1.1545,2026-10-02,2026-10-02,https://data-api.ecb.europa.eu/service/data/EXR/D.USD.EUR.SP00.A,Uso libre citando al BCE como fuente y reproduciendo los datos con exactitud (https://www.ecb.europa.eu/services/disclaimer/html/index.en.html); el tipo spot se convierte de composición continua a anual efectiva
ecb,2026-08-13,EUR,USD,1.1534,2026-10-02,2026-10-02,https://data-api.ecb.europa.eu/service/data/EXR/D.USD.EUR.SP00.A,Uso libre citando al BCE como fuente y reproduciendo los datos con exactitud (https://www.ecb.europa.eu/services/disclaimer/html/index.en.html); el tipo spot se convierte de composición continua a anual efectiva
ecb,2026-08-14,EUR,USD,1.1567,2026-10-02,2026-10-02,https://data-api.ecb.europa.eu/service/data/EXR/D.USD.EUR.SP00.A,Uso libre citando al BCE como fuente y reproduciendo los datos con exactitud (https://www.ecb.europa.eu/services/disclaimer/html/index.en.html); el tipo spot se convierte de composición continua a anual efectiva
ecb,2026-08-17,EUR,USD,1.1593,2026-10-02,2026-10-02,https://data-api.ecb.europa.eu/service/data/EXR/D.USD.EUR.SP00.A,Uso libre citando al BCE como fuente y reproduciendo los datos con exactitud (https://www.ecb.europa.eu/services/disclaimer/html/index.en.html); el tipo spot se convierte de composición continua a anual efectiva
ecb,2026-08-18,EUR,USD,1.1576,2026-10-02,2026-10-02,https://data-api.ecb.europa.eu/service/data/EXR/D.USD.EUR.SP00.A,Uso libre citando al BCE como fuente y reproduciendo los datos con exactitud (https://www.ecb.europa.eu/services/disclaimer/html/index.en.html); el tipo spot se convierte de composición continua a anual efectiva
ecb,2026-08-19,EUR,USD,1.1605,2026-10-02,2026-10-02,https://data-api.ecb.europa.eu/service/data/EXR/D.USD.EUR.SP00.A,Uso libre citando al BCE como fuente y reproduciendo los datos con exactitud (https://www.ecb.europa.eu/services/disclaimer/html/index.en.html); el tipo spot se convierte de composición continua a anual efectiva
ecb,2026-08-20,EUR,USD,1.1681,2026-10-02,2026-10-02,https://data-api.ecb.europa.eu/service/data/EXR/D.USD.EUR.SP00.A,Uso libre citando al BCE como fuente y reproduciendo los datos con exactitud (https://www.ecb.europa.eu/services/disclaimer/html/index.en.html); el tipo spot se convierte de composición continua a anual efectiva
ecb,2026-08-21,EUR,USD,1.1699,2026-10-02,2026-10-02,https://data-api.ecb.europa.eu/service/data/EXR/D.USD.EUR.SP00.A,Uso libre citando al BCE como fuente y reproduciendo los datos con exactitud (https://www.ecb.europa.eu/services/disclaimer/html/index.en.html); el tipo spot se convierte de composición continua a anual efectiva
ecb,2026-08-24,EUR,USD,1.1664,2026-10-02,2026-10-02,https://data-api.ecb.europa.eu/service/data/EXR/D.USD.EUR.SP00.A,Uso libre citando al BCE como fuente y reproduciendo los datos con exactitud (https://www.ecb.europa.eu/services/disclaimer/html/index.en.html); el tipo spot se convierte de composición continua a anual efectiva
ecb,2026-08-25,EUR,USD,1.1662,2026-10-02,2026-10-02,https://data-api.ecb.europa.eu/service/data/EXR/D.USD.EUR.SP00.A,Uso libre citando al BCE como fuente y reproduciendo los datos con exactitud (https://www.ecb.europa.eu/services/disclaimer/html/index.en.html); el tipo spot se convierte de composición continua a anual efectiva
ecb,2026-08-26,EUR,USD,1.1669,2026-10-02,2026-10-02,https://data-api.ecb.europa.eu/service/data/EXR/D.USD.EUR.SP00.A,Uso libre citando al BCE como fuente y reproduciendo los datos con exactitud (https://www.ecb.europa.eu/services/disclaimer/html/index.en.html); el tipo spot se convierte de composición continua a anual efectiva
ecb,2026-08-27,EUR,USD,1.1645,2026-10-02,2026-10-02,https://data-api.ecb.europa.eu/service/data/EXR/D.USD.EUR.SP00.A,Uso libre citando al BCE como fuente y reproduciendo los datos con exactitud (https://www.ecb.europa.eu/services/disclaimer/html/index.en.html); el tipo spot se convierte de composición continua a anual efectiva
ecb,2026-08-28,EUR,USD,1.1643,2026-10-02,2026-10-02,https://data-api.ecb.europa.eu/service/data/EXR/D.USD.EUR.SP00.A,Uso libre citando al BCE como fuente y reproduciendo los datos con exactitud (https://www.ecb.europa.eu/services/disclaimer/html/index.en.html); el tipo spot se convierte de composición continua a anual efectiva
ecb,2026-08-31,EUR,USD,1.1596,2026-10-02,2026-10-02,https://data-api.ecb.europa.eu/service/data/EXR/D.USD.EUR.SP00.A,Uso libre citando al BCE como fuente y reproduciendo los datos con exactitud (https://www.ecb.europa.eu/services/disclaimer/html/index.en.html); el tipo spot se convierte de composición continua a anual efectiva
ecb,2026-09-01,EUR,USD,1.159,2026-10-02,2026-10-02,https://data-api.ecb.europa.eu/service/data/EXR/D.USD.EUR.SP00.A,Uso libre citando al BCE como fuente y reproduciendo los datos con exactitud (https://www.ecb.europa.eu/services/disclaimer/html/index.en.html); el tipo spot se convierte de composición continua a anual efectiva
ecb,2026-09-02,EUR,USD,1.1578,2026-10-02,2026-10-02,https://data-api.ecb.europa.eu/service/data/EXR/D.USD.EUR.SP00.A,Uso libre citando al BCE como fuente y reproduciendo los datos con exactitud (https://www.ecb.europa.eu/services/disclaimer/html/index.en.html); el tipo spot se convierte de composición continua a anual efectiva
ecb,2026-09-03,EUR,USD,1.1615,2026-10-02,2026-10-02,https://data-api.ecb.europa.eu/service/data/EXR/D.USD.EUR.SP00.A,Uso libre citando al BCE como fuente y reproduciendo los datos con exactitud (https://www.ecb.europa.eu/services/disclaimer/html/index.en.html); el tipo spot se convierte de composición continua a anual efectiva
ecb,2026-09-04,EUR,USD,1.1622,2026-10-02,2026-10-02,https://data-api.ecb.europa.eu/service/data/EXR/D.USD.EUR.SP00.A,Uso libre citando al BCE como fuente y reproduciendo los datos con exactitud (https://www.ecb.europa.eu/services/disclaimer/html/index.en.html); el tipo spot se convierte de composición continua a anual efectiva
ecb,2026-09-07,EUR,USD,1.1622,2026-10-02,2026-10-02,https://data-api.ecb.europa.eu/service/data/EXR/D.USD.EUR.SP00.A,Uso libre citando al BCE como fuente y reproduciendo los datos con exactitud (https://www.ecb.europa.eu/services/disclaimer/html/index.en.html); el tipo spot se convierte de composición continua a anual efectiva
ecb,2026-09-08,EUR,USD,1.1614,2026-10-02,2026-10-02,https://data-api.ecb.europa.eu/service/data/EXR/D.USD.EUR.SP00.A,Uso libre citando al BCE como fuente y reproduciendo los datos con exactitud (https://www.ecb.europa.eu/services/disclaimer/html/index.en.html); el tipo spot se convierte de composición continua a anual efectiva
ecb,2026-09-09,EUR,USD,1.1652,2026-10-02,2026-10-02,https://data-api.ecb.europa.eu/service/data/EXR/D.USD.EUR.SP00.A,Uso libre citando al BCE como fuente y reproduciendo los datos con exactitud (https://www.ecb.europa.eu/services/disclaimer/html/index.en.html); el tipo spot se convierte de composición continua a anual efectiva
ecb,2026-09-10,EUR,USD,1.1616,2026-10-02,2026-10-02,https://data-api.ecb.europa.eu/service/data/EXR/D.USD.EUR.SP00.A,Uso libre citando al BCE como fuente y reproduciendo los datos con exactitud (https://www.ecb.europa.eu/services/disclaimer/html/index.en.html); el tipo spot se convierte de composición continua a anual efectiva
ecb,2026-09-11,EUR,USD,1.1592,2026-10-02,2026-10-02,https://data-api.ecb.europa.eu/service/data/EXR/D.USD.EUR.SP00.A,Uso libre citando al BCE como fuente y reproduciendo los datos con exactitud (https://www.ecb.europa.eu/services/disclaimer/html/index.en.html); el tipo spot se convierte de composición continua a anual efectiva
ecb,2026-09-14,EUR,USD,1.1551,2026-10-02,2026-10-02,https://data-api.ecb.europa.eu/service/data/EXR/D.USD.EUR.SP00.A,Uso libre citando al BCE como fuente y reproduciendo los datos con exactitud (https://www.ecb.europa.eu/services/disclaimer/html/index.en.html); el tipo spot se convierte de composición continua a anual efectiva
ecb,2026-09-15,EUR,USD,1.1539,2026-10-02,2026-10-02,https://data-api.ecb.europa.eu/service/data/EXR/D.USD.EUR.SP00.A,Uso libre citando al BCE como fuente y reproduciendo los datos con exactitud (https://www.ecb.europa.eu/services/disclaimer/html/index.en.html); el tipo spot se convierte de composición continua a anual efectiva
ecb,2026-09-16,EUR,USD,1.1537,2026-10-02,2026-10-02,https://data-api.ecb.europa.eu/service/data/EXR/D.USD.EUR.SP00.A,Uso libre citando al BCE como fuente y reproduciendo los datos con exactitud (https://www.ecb.europa.eu/services/disclaimer/html/index.en.html); el tipo spot se convierte de composición continua a anual efectiva
ecb,2026-09-17,EUR,USD,1.1481,2026-10-02,2026-10-02,https://data-api.ecb.europa.eu/service/data/EXR/D.USD.EUR.SP00.A,Uso libre citando al BCE como fuente y reproduciendo los datos con exactitud (https://www.ecb.europa.eu/services/disclaimer/html/index.en.html); el tipo spot se convierte de composición continua a anual efectiva
ecb,2026-09-18,EUR,USD,1.146,2026-10-02,2026-10-02,https://data-api.ecb.europa.eu/service/data/EXR/D.USD.EUR.SP00.A,Uso libre citando al BCE como fuente y reproduciendo los datos con exactitud (https://www.ecb.europa.eu/services/disclaimer/html/index.en.html); el tipo spot se convierte de composición continua a anual efectiva
ecb,2026-09-21,EUR,USD,1.149,2026-10-02,2026-10-02,https://data-api.ecb.europa.eu/service/data/EXR/D.USD.EUR.SP00.A,Uso libre citando al BCE como fuente y reproduciendo los datos con exactitud (https://www.ecb.europa.eu/services/disclaimer/html/index.en.html); el tipo spot se convierte de composición continua a anual efectiva
ecb,2026-09-22,EUR,USD,1.1463,2026-10-02,2026-10-02,https://data-api.ecb.europa.eu/service/data/EXR/D.USD.EUR.SP00.A,Uso libre citando al BCE como fuente y reproduciendo los datos con exactitud (https://www.ecb.europa.eu/services/disclaimer/html/index.en.html); el tipo spot se convierte de composición continua a anual efectiva
ecb,2026-09-23,EUR,USD,1.1411,2026-10-02,2026-10-02,https://data-api.ecb.europa.eu/service/data/EXR/D.USD.EUR.SP00.A,Uso libre citando al BCE como fuente y reproduciendo los datos con exactitud (https://www.ecb.europa.eu/services/disclaimer/html/index.en.html); el tipo spot se convierte de composición continua a anual efectiva
ecb,2026-09-24,EUR,USD,1.1367,2026-10-02,2026-10-02,https://data-api.ecb.europa.eu/service/data/EXR/D.USD.EUR.SP00.A,Uso libre citando al BCE como fuente y reproduciendo los datos con exactitud (https://www.ecb.europa.eu/services/disclaimer/html/index.en.html); el tipo spot se convierte de composición continua a anual efectiva
ecb,2026-09-25,EUR,USD,1.1403,2026-10-02,2026-10-02,https://data-api.ecb.europa.eu/service/data/EXR/D.USD.EUR.SP00.A,Uso libre citando al BCE como fuente y reproduciendo los datos con exactitud (https://www.ecb.europa.eu/services/disclaimer/html/index.en.html); el tipo spot se convierte de composición continua a anual efectiva
ecb,2026-09-28,EUR,USD,1.1378,2026-10-02,2026-10-02,https://data-api.ecb.europa.eu/service/data/EXR/D.USD.EUR.SP00.A,Uso libre citando al BCE como fuente y reproduciendo los datos con exactitud (https://www.ecb.europa.eu/services/disclaimer/html/index.en.html); el tipo spot se convierte de composición continua a anual efectiva
ecb,2026-09-29,EUR,USD,1.1355,2026-10-02,2026-10-02,https://data-api.ecb.europa.eu/service/data/EXR/D.USD.EUR.SP00.A,Uso libre citando al BCE como fuente y reproduciendo los datos con exactitud (https://www.ecb.europa.eu/services/disclaimer/html/index.en.html); el tipo spot se convierte de composición continua a anual efectiva
ecb,2026-09-30,EUR,USD,1.1355,2026-10-02,2026-10-02,https://data-api.ecb.europa.eu/service/data/EXR/D.USD.EUR.SP00.A,Uso libre citando al BCE como fuente y reproduciendo los datos con exactitud (https://www.ecb.europa.eu/services/disclaimer/html/index.en.html); el tipo spot se convierte de composición continua a anual efectiva
ecb,2026-10-01,EUR,USD,1.1298,2026-10-02,2026-10-02,https://data-api.ecb.europa.eu/service/data/EXR/D.USD.EUR.SP00.A,Uso libre citando al BCE como fuente y reproduciendo los datos con exactitud (https://www.ecb.europa.eu/services/disclaimer/html/index.en.html); el tipo spot se convierte de composición continua a anual efectiva
ecb,2026-10-02,EUR,USD,1.1225,2026-10-02,2026-10-02,https://data-api.ecb.europa.eu/service/data/EXR/D.USD.EUR.SP00.A,Uso libre citando al BCE como fuente y reproduciendo los datos con exactitud (https://www.ecb.europa.eu/services/disclaimer/html/index.en.html); el tipo spot se convierte de composición continua a anual efectiva
