source,industry_original,industry_std,sector,is_reference
damodaran,Advertising,Advertising,Medios y telecomunicaciones,False
damodaran,Aerospace/Defense,Aerospace/Defense,Industria,False
damodaran,Air Transport,Air Transport,Transporte,False
damodaran,Apparel,Apparel,Consumo,False
damodaran,Auto & Truck,Auto & Truck,Consumo,False
damodaran,Auto Parts,Auto Parts,Consumo,False
damodaran,Bank (Money Center),Bank (Money Center),Financiero,False
damodaran,Banks (Regional),Banks (Regional),Financiero,False
damodaran,Beverage (Alcoholic),Beverage (Alcoholic),Consumo,False
damodaran,Beverage (Soft),Beverage (Soft),Consumo,False
damodaran,Broadcasting,Broadcasting,Medios y telecomunicaciones,False
damodaran,Brokerage & Investment Banking,Brokerage & Investment Banking,Financiero,False
damodaran,Building Materials,Building Materials,Industria,False
damodaran,Business & Consumer Services,Business & Consumer Services,Servicios,False
damodaran,Cable TV,Cable TV,Medios y telecomunicaciones,False
damodaran,Chemical (Basic),Chemical (Basic),Energía y materiales,False
damodaran,Chemical (Diversified),Chemical (Diversified),Energía y materiales,False
damodaran,Chemical (Specialty),Chemical (Specialty),Energía y materiales,False
damodaran,Coal & Related Energy,Coal & Related Energy,Energía y materiales,False
damodaran,Computer Services,Computer Services,Tecnología,False
damodaran,Computers/Peripherals,Computers/Peripherals,Tecnología,False
damodaran,Construction Supplies,Construction Supplies,Industria,False
damodaran,Diversified,Diversified,Industria,False
damodaran,Drugs (Biotechnology),Drugs (Biotechnology),Salud,False
damodaran,Drugs (Pharmaceutical),Drugs (Pharmaceutical),Salud,False
damodaran,Education,Education,Servicios,False
damodaran,Electrical Equipment,Electrical Equipment,Industria,False
damodaran,Electronics (Consumer & Office),Electronics (Consumer & Office),Tecnología,False
damodaran,Electronics (General),Electronics (General),Tecnología,False
damodaran,Engineering/Construction,Engineering/Construction,Industria,False
damodaran,Entertainment,Entertainment,Medios y telecomunicaciones,False
damodaran,Environmental & Waste Services,Environmental & Waste Services,Servicios,False
damodaran,Farming/Agriculture,Farming/Agriculture,Consumo,False
damodaran,Financial Svcs. (Non-bank & Insurance),Financial Svcs. (Non-bank & Insurance),Financiero,False
damodaran,Food Processing,Food Processing,Consumo,False
damodaran,Food Wholesalers,Food Wholesalers,Consumo,False
damodaran,Furn/Home Furnishings,Furn/Home Furnishings,Consumo,False
damodaran,Green & Renewable Energy,Green & Renewable Energy,Energía y materiales,False
damodaran,Healthcare Products,Healthcare Products,Salud,False
damodaran,Healthcare Support Services,Healthcare Support Services,Salud,False
damodaran,Heathcare Information and Technology,Healthcare Information and Technology,Salud,False
damodaran,Homebuilding,Homebuilding,Inmobiliario,False
damodaran,Hospitals/Healthcare Facilities,Hospitals/Healthcare Facilities,Salud,False
damodaran,Hotel/Gaming,Hotel/Gaming,Consumo,False
damodaran,Household Products,Household Products,Consumo,False
damodaran,Information Services,Information Services,Tecnología,False
damodaran,Insurance (General),Insurance (General),Financiero,False
damodaran,Insurance (Life),Insurance (Life),Financiero,False
damodaran,Insurance (Prop/Cas.),Insurance (Prop/Cas.),Financiero,False
damodaran,Investments & Asset Management,Investments & Asset Management,Financiero,False
damodaran,Machinery,Machinery,Industria,False
damodaran,Metals & Mining,Metals & Mining,Energía y materiales,False
damodaran,Office Equipment & Services,Office Equipment & Services,Servicios,False
damodaran,Oil/Gas (Integrated),Oil/Gas (Integrated),Energía y materiales,False
damodaran,Oil/Gas (Production and Exploration),Oil/Gas (Production and Exploration),Energía y materiales,False
damodaran,Oil/Gas Distribution,Oil/Gas Distribution,Energía y materiales,False
damodaran,Oilfield Svcs/Equip.,Oilfield Svcs/Equip.,Energía y materiales,False
damodaran,Packaging & Container,Packaging & Container,Industria,False
damodaran,Paper/Forest Products,Paper/Forest Products,Energía y materiales,False
damodaran,Power,Power,Servicios públicos,False
damodaran,Precious Metals,Precious Metals,Energía y materiales,False
damodaran,Publishing & Newspapers,Publishing & Newspapers,Medios y telecomunicaciones,False
damodaran,R.E.I.T.,R.E.I.T.,Inmobiliario,False
damodaran,Real Estate (Development),Real Estate (Development),Inmobiliario,False
damodaran,Real Estate (General/Diversified),Real Estate (General/Diversified),Inmobiliario,False
damodaran,Real Estate (Operations & Services),Real Estate (Operations & Services),Inmobiliario,False
damodaran,Recreation,Recreation,Consumo,False
damodaran,Reinsurance,Reinsurance,Financiero,False
damodaran,Restaurant/Dining,Restaurant/Dining,Consumo,False
damodaran,Retail (Automotive),Retail (Automotive),Consumo,False
damodaran,Retail (Building Supply),Retail (Building Supply),Consumo,False
damodaran,Retail (Distributors),Retail (Distributors),Consumo,False
damodaran,Retail (General),Retail (General),Consumo,False
damodaran,Retail (Grocery and Food),Retail (Grocery and Food),Consumo,False
damodaran,Retail (REITs),Retail (REITs),Inmobiliario,False
damodaran,Retail (Special Lines),Retail (Special Lines),Consumo,False
damodaran,Rubber& Tires,Rubber & Tires,Consumo,False
damodaran,Semiconductor,Semiconductor,Tecnología,False
damodaran,Semiconductor Equip,Semiconductor Equipment,Tecnología,False
damodaran,Shipbuilding & Marine,Shipbuilding & Marine,Industria,False
damodaran,Shoe,Shoe,Consumo,False
damodaran,Software (Entertainment),Software (Entertainment),Tecnología,False
damodaran,Software (Internet),Software (Internet),Tecnología,False
damodaran,Software (System & Application),Software (System & Application),Tecnología,False
damodaran,Steel,Steel,Energía y materiales,False
damodaran,Telecom (Wireless),Telecom (Wireless),Medios y telecomunicaciones,False
damodaran,Telecom. Equipment,Telecom. Equipment,Tecnología,False
damodaran,Telecom. Services,Telecom. Services,Medios y telecomunicaciones,False
damodaran,Tobacco,Tobacco,Consumo,False
damodaran,Transportation,Transportation,Transporte,False
damodaran,Transportation (Railroads),Transportation (Railroads),Transporte,False
damodaran,Trucking,Trucking,Transporte,False
damodaran,Utility (General),Utility (General),Servicios públicos,False
damodaran,Utility (Water),Utility (Water),Servicios públicos,False
damodaran,Total Market,Total Market,Referencia,True
damodaran,Total Market (without financials),Total Market (without financials),Referencia,True
sec_form_d,Agriculture,Farming/Agriculture,Consumo,False
sec_form_d,Airlines and Airports,Air Transport,Transporte,False
sec_form_d,Biotechnology,Drugs (Biotechnology),Salud,False
sec_form_d,Business Services,Business & Consumer Services,Servicios,False
sec_form_d,Coal Mining,Coal & Related Energy,Energía y materiales,False
sec_form_d,Commercial,Real Estate (Operations & Services),Inmobiliario,False
sec_form_d,Commercial Banking,Banks (Regional),Financiero,False
sec_form_d,Computers,Computers/Peripherals,Tecnología,False
sec_form_d,Construction,Engineering/Construction,Industria,False
sec_form_d,Electric Utilities,Utility (General),Servicios públicos,False
sec_form_d,Energy Conservation,Green & Renewable Energy,Energía y materiales,False
sec_form_d,Environmental Services,Environmental & Waste Services,Servicios,False
sec_form_d,Health Insurance,Healthcare Support Services,Salud,False
sec_form_d,Hospitals and Physicians,Hospitals/Healthcare Facilities,Salud,False
sec_form_d,Insurance,Insurance (General),Financiero,False
sec_form_d,Investing,Investments & Asset Management,Financiero,False
sec_form_d,Investment Banking,Brokerage & Investment Banking,Financiero,False
sec_form_d,Lodging and Conventions,Hotel/Gaming,Consumo,False
sec_form_d,Manufacturing,Machinery,Industria,False
sec_form_d,Oil and Gas,Oil/Gas (Production and Exploration),Energía y materiales,False
sec_form_d,Other,Diversified,Industria,False
sec_form_d,Other Banking and Financial Services,Financial Svcs. (Non-bank & Insurance),Financiero,False
sec_form_d,Other Energy,Power,Servicios públicos,False
sec_form_d,Other Health Care,Healthcare Products,Salud,False
sec_form_d,Other Real Estate,Real Estate (General/Diversified),Inmobiliario,False
sec_form_d,Other Technology,Software (System & Application),Tecnología,False
sec_form_d,Other Travel,Recreation,Consumo,False
sec_form_d,Pharmaceuticals,Drugs (Pharmaceutical),Salud,False
sec_form_d,Pooled Investment Fund,Investments & Asset Management,Financiero,False
sec_form_d,REITS and Finance,R.E.I.T.,Inmobiliario,False
sec_form_d,Residential,Homebuilding,Inmobiliario,False
sec_form_d,Restaurants,Restaurant/Dining,Consumo,False
sec_form_d,Retailing,Retail (General),Consumo,False
sec_form_d,Telecommunications,Telecom. Services,Medios y telecomunicaciones,False
sec_form_d,Tourism and Travel Services,Recreation,Consumo,False
sec_sic,0100,Farming/Agriculture,Consumo,False
sec_sic,1000,Metals & Mining,Energía y materiales,False
sec_sic,1040,Precious Metals,Energía y materiales,False
sec_sic,1220,Coal & Related Energy,Energía y materiales,False
sec_sic,1311,Oil/Gas (Production and Exploration),Energía y materiales,False
sec_sic,1389,Oilfield Svcs/Equip.,Energía y materiales,False
sec_sic,1400,Metals & Mining,Energía y materiales,False
sec_sic,1540,Engineering/Construction,Industria,False
sec_sic,1700,Engineering/Construction,Industria,False
sec_sic,2000,Food Processing,Consumo,False
sec_sic,2030,Food Processing,Consumo,False
sec_sic,2060,Food Processing,Consumo,False
sec_sic,2080,Beverage (Alcoholic),Consumo,False
sec_sic,2086,Beverage (Soft),Consumo,False
sec_sic,2650,Packaging & Container,Industria,False
sec_sic,2721,Publishing & Newspapers,Medios y telecomunicaciones,False
sec_sic,2800,Chemical (Diversified),Energía y materiales,False
sec_sic,2833,Drugs (Pharmaceutical),Salud,False
sec_sic,2834,Drugs (Pharmaceutical),Salud,False
sec_sic,2835,Drugs (Biotechnology),Salud,False
sec_sic,2836,Drugs (Biotechnology),Salud,False
sec_sic,2844,Household Products,Consumo,False
sec_sic,2860,Chemical (Specialty),Energía y materiales,False
sec_sic,3341,Metals & Mining,Energía y materiales,False
sec_sic,3440,Building Materials,Industria,False
sec_sic,3443,Machinery,Industria,False
sec_sic,3480,Aerospace/Defense,Industria,False
sec_sic,3490,Machinery,Industria,False
sec_sic,3510,Machinery,Industria,False
sec_sic,3560,Machinery,Industria,False
sec_sic,3569,Machinery,Industria,False
sec_sic,3572,Computers/Peripherals,Tecnología,False
sec_sic,3576,Computers/Peripherals,Tecnología,False
sec_sic,3577,Computers/Peripherals,Tecnología,False
sec_sic,3580,Machinery,Industria,False
sec_sic,3590,Machinery,Industria,False
sec_sic,3620,Electrical Equipment,Industria,False
sec_sic,3663,Telecom. Equipment,Tecnología,False
sec_sic,3669,Telecom. Equipment,Tecnología,False
sec_sic,3674,Semiconductor,Tecnología,False
sec_sic,3679,Electronics (General),Tecnología,False
sec_sic,3690,Electrical Equipment,Industria,False
sec_sic,3711,Auto & Truck,Consumo,False
sec_sic,3714,Auto Parts,Consumo,False
sec_sic,3721,Aerospace/Defense,Industria,False
sec_sic,3730,Shipbuilding & Marine,Industria,False
sec_sic,3760,Aerospace/Defense,Industria,False
sec_sic,3823,Electronics (General),Tecnología,False
sec_sic,3825,Electronics (General),Tecnología,False
sec_sic,3827,Electronics (General),Tecnología,False
sec_sic,3829,Electronics (General),Tecnología,False
sec_sic,3841,Healthcare Products,Salud,False
sec_sic,3842,Healthcare Products,Salud,False
sec_sic,3845,Healthcare Products,Salud,False
sec_sic,3851,Healthcare Products,Salud,False
sec_sic,3861,Electronics (Consumer & Office),Tecnología,False
sec_sic,4512,Air Transport,Transporte,False
sec_sic,4522,Air Transport,Transporte,False
sec_sic,4813,Telecom. Services,Medios y telecomunicaciones,False
sec_sic,4832,Broadcasting,Medios y telecomunicaciones,False
sec_sic,4841,Cable TV,Medios y telecomunicaciones,False
sec_sic,4899,Telecom. Services,Medios y telecomunicaciones,False
sec_sic,4911,Power,Servicios públicos,False
sec_sic,4931,Utility (General),Servicios públicos,False
sec_sic,4953,Environmental & Waste Services,Servicios,False
sec_sic,5030,Retail (Distributors),Consumo,False
sec_sic,5051,Retail (Distributors),Consumo,False
sec_sic,5063,Retail (Distributors),Consumo,False
sec_sic,5065,Retail (Distributors),Consumo,False
sec_sic,5122,Retail (Distributors),Consumo,False
sec_sic,5141,Food Wholesalers,Consumo,False
sec_sic,5200,Retail (Building Supply),Consumo,False
sec_sic,5411,Retail (Grocery and Food),Consumo,False
sec_sic,5500,Retail (Automotive),Consumo,False
sec_sic,5531,Retail (Automotive),Consumo,False
sec_sic,5600,Retail (Special Lines),Consumo,False
sec_sic,5700,Retail (Special Lines),Consumo,False
sec_sic,5810,Restaurant/Dining,Consumo,False
sec_sic,5812,Restaurant/Dining,Consumo,False
sec_sic,5900,Retail (Special Lines),Consumo,False
sec_sic,5961,Retail (General),Consumo,False
sec_sic,5990,Retail (Special Lines),Consumo,False
sec_sic,6141,Financial Svcs. (Non-bank & Insurance),Financiero,False
sec_sic,6153,Financial Svcs. (Non-bank & Insurance),Financiero,False
sec_sic,6162,Financial Svcs. (Non-bank & Insurance),Financiero,False
sec_sic,6163,Financial Svcs. (Non-bank & Insurance),Financiero,False
sec_sic,6199,Financial Svcs. (Non-bank & Insurance),Financiero,False
sec_sic,6211,Brokerage & Investment Banking,Financiero,False
sec_sic,6282,Investments & Asset Management,Financiero,False
sec_sic,6331,Insurance (Prop/Cas.),Financiero,False
sec_sic,6411,Insurance (General),Financiero,False
sec_sic,6500,Real Estate (General/Diversified),Inmobiliario,False
sec_sic,6794,Business & Consumer Services,Servicios,False
sec_sic,7200,Business & Consumer Services,Servicios,False
sec_sic,7310,Advertising,Medios y telecomunicaciones,False
sec_sic,7311,Advertising,Medios y telecomunicaciones,False
sec_sic,7331,Advertising,Medios y telecomunicaciones,False
sec_sic,7340,Business & Consumer Services,Servicios,False
sec_sic,7359,Business & Consumer Services,Servicios,False
sec_sic,7361,Business & Consumer Services,Servicios,False
sec_sic,7370,Software (Internet),Tecnología,False
sec_sic,7371,Computer Services,Tecnología,False
sec_sic,7372,Software (System & Application),Tecnología,False
sec_sic,7373,Computer Services,Tecnología,False
sec_sic,7374,Information Services,Tecnología,False
sec_sic,7389,Business & Consumer Services,Servicios,False
sec_sic,7812,Entertainment,Medios y telecomunicaciones,False
sec_sic,7900,Recreation,Consumo,False
sec_sic,8000,Healthcare Support Services,Salud,False
sec_sic,8011,Hospitals/Healthcare Facilities,Salud,False
sec_sic,8071,Healthcare Support Services,Salud,False
sec_sic,8082,Healthcare Support Services,Salud,False
sec_sic,8090,Healthcare Support Services,Salud,False
sec_sic,8200,Education,Servicios,False
sec_sic,8711,Engineering/Construction,Industria,False
sec_sic,8731,Drugs (Biotechnology),Salud,False
sec_sic,8734,Business & Consumer Services,Servicios,False
sec_sic,8742,Business & Consumer Services,Servicios,False
bde,A01,Farming/Agriculture,Consumo,False
bde,B05,Coal & Related Energy,Energía y materiales,False
bde,B06,Oil/Gas (Production and Exploration),Energía y materiales,False
bde,B08,Metals & Mining,Energía y materiales,False
bde,B09,Oilfield Svcs/Equip.,Energía y materiales,False
bde,C10,Food Processing,Consumo,False
bde,C11,Beverage (Alcoholic),Consumo,False
bde,C12,Tobacco,Consumo,False
bde,C14,Apparel,Consumo,False
bde,C15,Shoe,Consumo,False
bde,C17,Paper/Forest Products,Energía y materiales,False
bde,C20,Chemical (Basic),Energía y materiales,False
bde,C21,Drugs (Pharmaceutical),Salud,False
bde,C22,Rubber & Tires,Consumo,False
bde,C23,Building Materials,Industria,False
bde,C24,Steel,Energía y materiales,False
bde,C26,Computers/Peripherals,Tecnología,False
bde,C27,Electrical Equipment,Industria,False
bde,C28,Machinery,Industria,False
bde,C29,Auto & Truck,Consumo,False
bde,C30,Aerospace/Defense,Industria,False
bde,C31,Furn/Home Furnishings,Consumo,False
bde,D35,Power,Servicios públicos,False
bde,E36,Utility (Water),Servicios públicos,False
bde,E38,Environmental & Waste Services,Servicios,False
bde,F41,Homebuilding,Inmobiliario,False
bde,F42,Engineering/Construction,Industria,False
bde,G45,Retail (Automotive),Consumo,False
bde,G46,Food Wholesalers,Consumo,False
bde,G47,Retail (General),Consumo,False
bde,H49,Trucking,Transporte,False
bde,H51,Air Transport,Transporte,False
bde,H52,Transportation,Transporte,False
bde,I55,Hotel/Gaming,Consumo,False
bde,I56,Restaurant/Dining,Consumo,False
bde,J58,Publishing & Newspapers,Medios y telecomunicaciones,False
bde,J59,Entertainment,Medios y telecomunicaciones,False
bde,J60,Broadcasting,Medios y telecomunicaciones,False
bde,J61,Telecom. Services,Medios y telecomunicaciones,False
bde,J62,Software (System & Application),Tecnología,False
bde,J62,Software (Internet),Tecnología,False
bde,J63,Information Services,Tecnología,False
bde,L68,Real Estate (Operations & Services),Inmobiliario,False
bde,M72,Drugs (Biotechnology),Salud,False
bde,M73,Advertising,Medios y telecomunicaciones,False
bde,N82,Business & Consumer Services,Servicios,False
bde,P85,Education,Servicios,False
bde,Q86,Hospitals/Healthcare Facilities,Salud,False
bde,Q88,Healthcare Support Services,Salud,False
bde,R93,Recreation,Consumo,False
bde,Z0,Total Market,Referencia,True
bde,ZC,Total Market (without financials),Referencia,True
