source,region,size_class,size_rank,metric,value,unit,as_of,retrieved_at,url,license
damodaran,US,Bottom decile,1,n_firms,385.0,count,2026-01-09,2026-10-02,https://pages.stern.nyu.edu/~adamodar/New_Home_Page/datafile/mktcaprisk.html,"Uso libre según las reglas de uso de Damodaran ('no strings attached', https://pages.stern.nyu.edu/~adamodar/New_Home_Page/datahistory.html#rules); solo agregados por industria; se cita la fuente"
damodaran,US,Bottom decile,1,aggregate_market_cap_usd_m,5995.7,usd_millions,2026-01-09,2026-10-02,https://pages.stern.nyu.edu/~adamodar/New_Home_Page/datafile/mktcaprisk.html,"Uso libre según las reglas de uso de Damodaran ('no strings attached', https://pages.stern.nyu.edu/~adamodar/New_Home_Page/datahistory.html#rules); solo agregados por industria; se cita la fuente"
damodaran,US,Bottom decile,1,cash_to_firm_value,0.051100000000000007,decimal,2026-01-09,2026-10-02,https://pages.stern.nyu.edu/~adamodar/New_Home_Page/datafile/mktcaprisk.html,"Uso libre según las reglas de uso de Damodaran ('no strings attached', https://pages.stern.nyu.edu/~adamodar/New_Home_Page/datahistory.html#rules); solo agregados por industria; se cita la fuente"
damodaran,US,Bottom decile,1,debt_to_capital_median,0.11380000000000001,decimal,2026-01-09,2026-10-02,https://pages.stern.nyu.edu/~adamodar/New_Home_Page/datafile/mktcaprisk.html,"Uso libre según las reglas de uso de Damodaran ('no strings attached', https://pages.stern.nyu.edu/~adamodar/New_Home_Page/datahistory.html#rules); solo agregados por industria; se cita la fuente"
damodaran,US,Bottom decile,1,beta_median,0.73,beta,2026-01-09,2026-10-02,https://pages.stern.nyu.edu/~adamodar/New_Home_Page/datafile/mktcaprisk.html,"Uso libre según las reglas de uso de Damodaran ('no strings attached', https://pages.stern.nyu.edu/~adamodar/New_Home_Page/datahistory.html#rules); solo agregados por industria; se cita la fuente"
damodaran,US,Bottom decile,1,correlation_market_median,0.1183,decimal,2026-01-09,2026-10-02,https://pages.stern.nyu.edu/~adamodar/New_Home_Page/datafile/mktcaprisk.html,"Uso libre según las reglas de uso de Damodaran ('no strings attached', https://pages.stern.nyu.edu/~adamodar/New_Home_Page/datahistory.html#rules); solo agregados por industria; se cita la fuente"
damodaran,US,Bottom decile,1,sd_equity_median,0.5737,decimal,2026-01-09,2026-10-02,https://pages.stern.nyu.edu/~adamodar/New_Home_Page/datafile/mktcaprisk.html,"Uso libre según las reglas de uso de Damodaran ('no strings attached', https://pages.stern.nyu.edu/~adamodar/New_Home_Page/datahistory.html#rules); solo agregados por industria; se cita la fuente"
damodaran,US,Bottom decile,1,total_beta,6.21,beta,2026-01-09,2026-10-02,https://pages.stern.nyu.edu/~adamodar/New_Home_Page/datafile/mktcaprisk.html,"Uso libre según las reglas de uso de Damodaran ('no strings attached', https://pages.stern.nyu.edu/~adamodar/New_Home_Page/datahistory.html#rules); solo agregados por industria; se cita la fuente"
damodaran,US,Bottom decile,1,hilo_risk_median,0.5717,score,2026-01-09,2026-10-02,https://pages.stern.nyu.edu/~adamodar/New_Home_Page/datafile/mktcaprisk.html,"Uso libre según las reglas de uso de Damodaran ('no strings attached', https://pages.stern.nyu.edu/~adamodar/New_Home_Page/datahistory.html#rules); solo agregados por industria; se cita la fuente"
damodaran,US,Bottom decile,1,interest_coverage,,multiple,2026-01-09,2026-10-02,https://pages.stern.nyu.edu/~adamodar/New_Home_Page/datafile/mktcaprisk.html,"Uso libre según las reglas de uso de Damodaran ('no strings attached', https://pages.stern.nyu.edu/~adamodar/New_Home_Page/datahistory.html#rules); solo agregados por industria; se cita la fuente"
damodaran,US,2nd decile,2,n_firms,393.0,count,2026-01-09,2026-10-02,https://pages.stern.nyu.edu/~adamodar/New_Home_Page/datafile/mktcaprisk.html,"Uso libre según las reglas de uso de Damodaran ('no strings attached', https://pages.stern.nyu.edu/~adamodar/New_Home_Page/datahistory.html#rules); solo agregados por industria; se cita la fuente"
damodaran,US,2nd decile,2,aggregate_market_cap_usd_m,13786.8,usd_millions,2026-01-09,2026-10-02,https://pages.stern.nyu.edu/~adamodar/New_Home_Page/datafile/mktcaprisk.html,"Uso libre según las reglas de uso de Damodaran ('no strings attached', https://pages.stern.nyu.edu/~adamodar/New_Home_Page/datahistory.html#rules); solo agregados por industria; se cita la fuente"
damodaran,US,2nd decile,2,cash_to_firm_value,0.0553,decimal,2026-01-09,2026-10-02,https://pages.stern.nyu.edu/~adamodar/New_Home_Page/datafile/mktcaprisk.html,"Uso libre según las reglas de uso de Damodaran ('no strings attached', https://pages.stern.nyu.edu/~adamodar/New_Home_Page/datahistory.html#rules); solo agregados por industria; se cita la fuente"
damodaran,US,2nd decile,2,debt_to_capital_median,0.10279999999999999,decimal,2026-01-09,2026-10-02,https://pages.stern.nyu.edu/~adamodar/New_Home_Page/datafile/mktcaprisk.html,"Uso libre según las reglas de uso de Damodaran ('no strings attached', https://pages.stern.nyu.edu/~adamodar/New_Home_Page/datahistory.html#rules); solo agregados por industria; se cita la fuente"
damodaran,US,2nd decile,2,beta_median,0.87,beta,2026-01-09,2026-10-02,https://pages.stern.nyu.edu/~adamodar/New_Home_Page/datafile/mktcaprisk.html,"Uso libre según las reglas de uso de Damodaran ('no strings attached', https://pages.stern.nyu.edu/~adamodar/New_Home_Page/datahistory.html#rules); solo agregados por industria; se cita la fuente"
damodaran,US,2nd decile,2,correlation_market_median,0.1483,decimal,2026-01-09,2026-10-02,https://pages.stern.nyu.edu/~adamodar/New_Home_Page/datafile/mktcaprisk.html,"Uso libre según las reglas de uso de Damodaran ('no strings attached', https://pages.stern.nyu.edu/~adamodar/New_Home_Page/datahistory.html#rules); solo agregados por industria; se cita la fuente"
damodaran,US,2nd decile,2,sd_equity_median,0.6127,decimal,2026-01-09,2026-10-02,https://pages.stern.nyu.edu/~adamodar/New_Home_Page/datafile/mktcaprisk.html,"Uso libre según las reglas de uso de Damodaran ('no strings attached', https://pages.stern.nyu.edu/~adamodar/New_Home_Page/datahistory.html#rules); solo agregados por industria; se cita la fuente"
damodaran,US,2nd decile,2,total_beta,5.86,beta,2026-01-09,2026-10-02,https://pages.stern.nyu.edu/~adamodar/New_Home_Page/datafile/mktcaprisk.html,"Uso libre según las reglas de uso de Damodaran ('no strings attached', https://pages.stern.nyu.edu/~adamodar/New_Home_Page/datahistory.html#rules); solo agregados por industria; se cita la fuente"
damodaran,US,2nd decile,2,hilo_risk_median,0.5199,score,2026-01-09,2026-10-02,https://pages.stern.nyu.edu/~adamodar/New_Home_Page/datafile/mktcaprisk.html,"Uso libre según las reglas de uso de Damodaran ('no strings attached', https://pages.stern.nyu.edu/~adamodar/New_Home_Page/datahistory.html#rules); solo agregados por industria; se cita la fuente"
damodaran,US,2nd decile,2,interest_coverage,,multiple,2026-01-09,2026-10-02,https://pages.stern.nyu.edu/~adamodar/New_Home_Page/datafile/mktcaprisk.html,"Uso libre según las reglas de uso de Damodaran ('no strings attached', https://pages.stern.nyu.edu/~adamodar/New_Home_Page/datahistory.html#rules); solo agregados por industria; se cita la fuente"
damodaran,US,3rd decile,3,n_firms,390.0,count,2026-01-09,2026-10-02,https://pages.stern.nyu.edu/~adamodar/New_Home_Page/datafile/mktcaprisk.html,"Uso libre según las reglas de uso de Damodaran ('no strings attached', https://pages.stern.nyu.edu/~adamodar/New_Home_Page/datahistory.html#rules); solo agregados por industria; se cita la fuente"
damodaran,US,3rd decile,3,aggregate_market_cap_usd_m,29986.2,usd_millions,2026-01-09,2026-10-02,https://pages.stern.nyu.edu/~adamodar/New_Home_Page/datafile/mktcaprisk.html,"Uso libre según las reglas de uso de Damodaran ('no strings attached', https://pages.stern.nyu.edu/~adamodar/New_Home_Page/datahistory.html#rules); solo agregados por industria; se cita la fuente"
damodaran,US,3rd decile,3,cash_to_firm_value,0.0739,decimal,2026-01-09,2026-10-02,https://pages.stern.nyu.edu/~adamodar/New_Home_Page/datafile/mktcaprisk.html,"Uso libre según las reglas de uso de Damodaran ('no strings attached', https://pages.stern.nyu.edu/~adamodar/New_Home_Page/datahistory.html#rules); solo agregados por industria; se cita la fuente"
damodaran,US,3rd decile,3,debt_to_capital_median,0.1447,decimal,2026-01-09,2026-10-02,https://pages.stern.nyu.edu/~adamodar/New_Home_Page/datafile/mktcaprisk.html,"Uso libre según las reglas de uso de Damodaran ('no strings attached', https://pages.stern.nyu.edu/~adamodar/New_Home_Page/datahistory.html#rules); solo agregados por industria; se cita la fuente"
damodaran,US,3rd decile,3,beta_median,0.82,beta,2026-01-09,2026-10-02,https://pages.stern.nyu.edu/~adamodar/New_Home_Page/datafile/mktcaprisk.html,"Uso libre según las reglas de uso de Damodaran ('no strings attached', https://pages.stern.nyu.edu/~adamodar/New_Home_Page/datahistory.html#rules); solo agregados por industria; se cita la fuente"
damodaran,US,3rd decile,3,correlation_market_median,0.1643,decimal,2026-01-09,2026-10-02,https://pages.stern.nyu.edu/~adamodar/New_Home_Page/datafile/mktcaprisk.html,"Uso libre según las reglas de uso de Damodaran ('no strings attached', https://pages.stern.nyu.edu/~adamodar/New_Home_Page/datahistory.html#rules); solo agregados por industria; se cita la fuente"
damodaran,US,3rd decile,3,sd_equity_median,0.5286,decimal,2026-01-09,2026-10-02,https://pages.stern.nyu.edu/~adamodar/New_Home_Page/datafile/mktcaprisk.html,"Uso libre según las reglas de uso de Damodaran ('no strings attached', https://pages.stern.nyu.edu/~adamodar/New_Home_Page/datahistory.html#rules); solo agregados por industria; se cita la fuente"
damodaran,US,3rd decile,3,total_beta,5.0,beta,2026-01-09,2026-10-02,https://pages.stern.nyu.edu/~adamodar/New_Home_Page/datafile/mktcaprisk.html,"Uso libre según las reglas de uso de Damodaran ('no strings attached', https://pages.stern.nyu.edu/~adamodar/New_Home_Page/datahistory.html#rules); solo agregados por industria; se cita la fuente"
damodaran,US,3rd decile,3,hilo_risk_median,0.4936,score,2026-01-09,2026-10-02,https://pages.stern.nyu.edu/~adamodar/New_Home_Page/datafile/mktcaprisk.html,"Uso libre según las reglas de uso de Damodaran ('no strings attached', https://pages.stern.nyu.edu/~adamodar/New_Home_Page/datahistory.html#rules); solo agregados por industria; se cita la fuente"
damodaran,US,3rd decile,3,interest_coverage,,multiple,2026-01-09,2026-10-02,https://pages.stern.nyu.edu/~adamodar/New_Home_Page/datafile/mktcaprisk.html,"Uso libre según las reglas de uso de Damodaran ('no strings attached', https://pages.stern.nyu.edu/~adamodar/New_Home_Page/datahistory.html#rules); solo agregados por industria; se cita la fuente"
damodaran,US,4th decile,4,n_firms,389.0,count,2026-01-09,2026-10-02,https://pages.stern.nyu.edu/~adamodar/New_Home_Page/datafile/mktcaprisk.html,"Uso libre según las reglas de uso de Damodaran ('no strings attached', https://pages.stern.nyu.edu/~adamodar/New_Home_Page/datahistory.html#rules); solo agregados por industria; se cita la fuente"
damodaran,US,4th decile,4,aggregate_market_cap_usd_m,67277.3,usd_millions,2026-01-09,2026-10-02,https://pages.stern.nyu.edu/~adamodar/New_Home_Page/datafile/mktcaprisk.html,"Uso libre según las reglas de uso de Damodaran ('no strings attached', https://pages.stern.nyu.edu/~adamodar/New_Home_Page/datahistory.html#rules); solo agregados por industria; se cita la fuente"
damodaran,US,4th decile,4,cash_to_firm_value,0.0702,decimal,2026-01-09,2026-10-02,https://pages.stern.nyu.edu/~adamodar/New_Home_Page/datafile/mktcaprisk.html,"Uso libre según las reglas de uso de Damodaran ('no strings attached', https://pages.stern.nyu.edu/~adamodar/New_Home_Page/datahistory.html#rules); solo agregados por industria; se cita la fuente"
damodaran,US,4th decile,4,debt_to_capital_median,0.1213,decimal,2026-01-09,2026-10-02,https://pages.stern.nyu.edu/~adamodar/New_Home_Page/datafile/mktcaprisk.html,"Uso libre según las reglas de uso de Damodaran ('no strings attached', https://pages.stern.nyu.edu/~adamodar/New_Home_Page/datahistory.html#rules); solo agregados por industria; se cita la fuente"
damodaran,US,4th decile,4,beta_median,1.0,beta,2026-01-09,2026-10-02,https://pages.stern.nyu.edu/~adamodar/New_Home_Page/datafile/mktcaprisk.html,"Uso libre según las reglas de uso de Damodaran ('no strings attached', https://pages.stern.nyu.edu/~adamodar/New_Home_Page/datahistory.html#rules); solo agregados por industria; se cita la fuente"
damodaran,US,4th decile,4,correlation_market_median,0.2191,decimal,2026-01-09,2026-10-02,https://pages.stern.nyu.edu/~adamodar/New_Home_Page/datafile/mktcaprisk.html,"Uso libre según las reglas de uso de Damodaran ('no strings attached', https://pages.stern.nyu.edu/~adamodar/New_Home_Page/datahistory.html#rules); solo agregados por industria; se cita la fuente"
damodaran,US,4th decile,4,sd_equity_median,0.5449,decimal,2026-01-09,2026-10-02,https://pages.stern.nyu.edu/~adamodar/New_Home_Page/datafile/mktcaprisk.html,"Uso libre según las reglas de uso de Damodaran ('no strings attached', https://pages.stern.nyu.edu/~adamodar/New_Home_Page/datahistory.html#rules); solo agregados por industria; se cita la fuente"
damodaran,US,4th decile,4,total_beta,4.58,beta,2026-01-09,2026-10-02,https://pages.stern.nyu.edu/~adamodar/New_Home_Page/datafile/mktcaprisk.html,"Uso libre según las reglas de uso de Damodaran ('no strings attached', https://pages.stern.nyu.edu/~adamodar/New_Home_Page/datahistory.html#rules); solo agregados por industria; se cita la fuente"
damodaran,US,4th decile,4,hilo_risk_median,0.4875,score,2026-01-09,2026-10-02,https://pages.stern.nyu.edu/~adamodar/New_Home_Page/datafile/mktcaprisk.html,"Uso libre según las reglas de uso de Damodaran ('no strings attached', https://pages.stern.nyu.edu/~adamodar/New_Home_Page/datahistory.html#rules); solo agregados por industria; se cita la fuente"
damodaran,US,4th decile,4,interest_coverage,,multiple,2026-01-09,2026-10-02,https://pages.stern.nyu.edu/~adamodar/New_Home_Page/datafile/mktcaprisk.html,"Uso libre según las reglas de uso de Damodaran ('no strings attached', https://pages.stern.nyu.edu/~adamodar/New_Home_Page/datahistory.html#rules); solo agregados por industria; se cita la fuente"
damodaran,US,5th decile,5,n_firms,390.0,count,2026-01-09,2026-10-02,https://pages.stern.nyu.edu/~adamodar/New_Home_Page/datafile/mktcaprisk.html,"Uso libre según las reglas de uso de Damodaran ('no strings attached', https://pages.stern.nyu.edu/~adamodar/New_Home_Page/datahistory.html#rules); solo agregados por industria; se cita la fuente"
damodaran,US,5th decile,5,aggregate_market_cap_usd_m,147949.5,usd_millions,2026-01-09,2026-10-02,https://pages.stern.nyu.edu/~adamodar/New_Home_Page/datafile/mktcaprisk.html,"Uso libre según las reglas de uso de Damodaran ('no strings attached', https://pages.stern.nyu.edu/~adamodar/New_Home_Page/datahistory.html#rules); solo agregados por industria; se cita la fuente"
damodaran,US,5th decile,5,cash_to_firm_value,0.0693,decimal,2026-01-09,2026-10-02,https://pages.stern.nyu.edu/~adamodar/New_Home_Page/datafile/mktcaprisk.html,"Uso libre según las reglas de uso de Damodaran ('no strings attached', https://pages.stern.nyu.edu/~adamodar/New_Home_Page/datahistory.html#rules); solo agregados por industria; se cita la fuente"
damodaran,US,5th decile,5,debt_to_capital_median,0.1804,decimal,2026-01-09,2026-10-02,https://pages.stern.nyu.edu/~adamodar/New_Home_Page/datafile/mktcaprisk.html,"Uso libre según las reglas de uso de Damodaran ('no strings attached', https://pages.stern.nyu.edu/~adamodar/New_Home_Page/datahistory.html#rules); solo agregados por industria; se cita la fuente"
damodaran,US,5th decile,5,beta_median,0.97,beta,2026-01-09,2026-10-02,https://pages.stern.nyu.edu/~adamodar/New_Home_Page/datafile/mktcaprisk.html,"Uso libre según las reglas de uso de Damodaran ('no strings attached', https://pages.stern.nyu.edu/~adamodar/New_Home_Page/datahistory.html#rules); solo agregados por industria; se cita la fuente"
damodaran,US,5th decile,5,correlation_market_median,0.2757,decimal,2026-01-09,2026-10-02,https://pages.stern.nyu.edu/~adamodar/New_Home_Page/datafile/mktcaprisk.html,"Uso libre según las reglas de uso de Damodaran ('no strings attached', https://pages.stern.nyu.edu/~adamodar/New_Home_Page/datahistory.html#rules); solo agregados por industria; se cita la fuente"
damodaran,US,5th decile,5,sd_equity_median,0.43310000000000004,decimal,2026-01-09,2026-10-02,https://pages.stern.nyu.edu/~adamodar/New_Home_Page/datafile/mktcaprisk.html,"Uso libre según las reglas de uso de Damodaran ('no strings attached', https://pages.stern.nyu.edu/~adamodar/New_Home_Page/datahistory.html#rules); solo agregados por industria; se cita la fuente"
damodaran,US,5th decile,5,total_beta,3.53,beta,2026-01-09,2026-10-02,https://pages.stern.nyu.edu/~adamodar/New_Home_Page/datafile/mktcaprisk.html,"Uso libre según las reglas de uso de Damodaran ('no strings attached', https://pages.stern.nyu.edu/~adamodar/New_Home_Page/datahistory.html#rules); solo agregados por industria; se cita la fuente"
damodaran,US,5th decile,5,hilo_risk_median,0.3957,score,2026-01-09,2026-10-02,https://pages.stern.nyu.edu/~adamodar/New_Home_Page/datafile/mktcaprisk.html,"Uso libre según las reglas de uso de Damodaran ('no strings attached', https://pages.stern.nyu.edu/~adamodar/New_Home_Page/datahistory.html#rules); solo agregados por industria; se cita la fuente"
damodaran,US,5th decile,5,interest_coverage,0.45,multiple,2026-01-09,2026-10-02,https://pages.stern.nyu.edu/~adamodar/New_Home_Page/datafile/mktcaprisk.html,"Uso libre según las reglas de uso de Damodaran ('no strings attached', https://pages.stern.nyu.edu/~adamodar/New_Home_Page/datahistory.html#rules); solo agregados por industria; se cita la fuente"
damodaran,US,6th decile,6,n_firms,389.0,count,2026-01-09,2026-10-02,https://pages.stern.nyu.edu/~adamodar/New_Home_Page/datafile/mktcaprisk.html,"Uso libre según las reglas de uso de Damodaran ('no strings attached', https://pages.stern.nyu.edu/~adamodar/New_Home_Page/datahistory.html#rules); solo agregados por industria; se cita la fuente"
damodaran,US,6th decile,6,aggregate_market_cap_usd_m,313608.1,usd_millions,2026-01-09,2026-10-02,https://pages.stern.nyu.edu/~adamodar/New_Home_Page/datafile/mktcaprisk.html,"Uso libre según las reglas de uso de Damodaran ('no strings attached', https://pages.stern.nyu.edu/~adamodar/New_Home_Page/datahistory.html#rules); solo agregados por industria; se cita la fuente"
damodaran,US,6th decile,6,cash_to_firm_value,0.0564,decimal,2026-01-09,2026-10-02,https://pages.stern.nyu.edu/~adamodar/New_Home_Page/datafile/mktcaprisk.html,"Uso libre según las reglas de uso de Damodaran ('no strings attached', https://pages.stern.nyu.edu/~adamodar/New_Home_Page/datahistory.html#rules); solo agregados por industria; se cita la fuente"
damodaran,US,6th decile,6,debt_to_capital_median,0.17620000000000002,decimal,2026-01-09,2026-10-02,https://pages.stern.nyu.edu/~adamodar/New_Home_Page/datafile/mktcaprisk.html,"Uso libre según las reglas de uso de Damodaran ('no strings attached', https://pages.stern.nyu.edu/~adamodar/New_Home_Page/datahistory.html#rules); solo agregados por industria; se cita la fuente"
damodaran,US,6th decile,6,beta_median,1.02,beta,2026-01-09,2026-10-02,https://pages.stern.nyu.edu/~adamodar/New_Home_Page/datafile/mktcaprisk.html,"Uso libre según las reglas de uso de Damodaran ('no strings attached', https://pages.stern.nyu.edu/~adamodar/New_Home_Page/datahistory.html#rules); solo agregados por industria; se cita la fuente"
damodaran,US,6th decile,6,correlation_market_median,0.2983,decimal,2026-01-09,2026-10-02,https://pages.stern.nyu.edu/~adamodar/New_Home_Page/datafile/mktcaprisk.html,"Uso libre según las reglas de uso de Damodaran ('no strings attached', https://pages.stern.nyu.edu/~adamodar/New_Home_Page/datahistory.html#rules); solo agregados por industria; se cita la fuente"
damodaran,US,6th decile,6,sd_equity_median,0.42560000000000003,decimal,2026-01-09,2026-10-02,https://pages.stern.nyu.edu/~adamodar/New_Home_Page/datafile/mktcaprisk.html,"Uso libre según las reglas de uso de Damodaran ('no strings attached', https://pages.stern.nyu.edu/~adamodar/New_Home_Page/datahistory.html#rules); solo agregados por industria; se cita la fuente"
damodaran,US,6th decile,6,total_beta,3.42,beta,2026-01-09,2026-10-02,https://pages.stern.nyu.edu/~adamodar/New_Home_Page/datafile/mktcaprisk.html,"Uso libre según las reglas de uso de Damodaran ('no strings attached', https://pages.stern.nyu.edu/~adamodar/New_Home_Page/datahistory.html#rules); solo agregados por industria; se cita la fuente"
damodaran,US,6th decile,6,hilo_risk_median,0.3907,score,2026-01-09,2026-10-02,https://pages.stern.nyu.edu/~adamodar/New_Home_Page/datafile/mktcaprisk.html,"Uso libre según las reglas de uso de Damodaran ('no strings attached', https://pages.stern.nyu.edu/~adamodar/New_Home_Page/datahistory.html#rules); solo agregados por industria; se cita la fuente"
damodaran,US,6th decile,6,interest_coverage,0.5,multiple,2026-01-09,2026-10-02,https://pages.stern.nyu.edu/~adamodar/New_Home_Page/datafile/mktcaprisk.html,"Uso libre según las reglas de uso de Damodaran ('no strings attached', https://pages.stern.nyu.edu/~adamodar/New_Home_Page/datahistory.html#rules); solo agregados por industria; se cita la fuente"
damodaran,US,7th decile,7,n_firms,389.0,count,2026-01-09,2026-10-02,https://pages.stern.nyu.edu/~adamodar/New_Home_Page/datafile/mktcaprisk.html,"Uso libre según las reglas de uso de Damodaran ('no strings attached', https://pages.stern.nyu.edu/~adamodar/New_Home_Page/datahistory.html#rules); solo agregados por industria; se cita la fuente"
damodaran,US,7th decile,7,aggregate_market_cap_usd_m,698237.8,usd_millions,2026-01-09,2026-10-02,https://pages.stern.nyu.edu/~adamodar/New_Home_Page/datafile/mktcaprisk.html,"Uso libre según las reglas de uso de Damodaran ('no strings attached', https://pages.stern.nyu.edu/~adamodar/New_Home_Page/datahistory.html#rules); solo agregados por industria; se cita la fuente"
damodaran,US,7th decile,7,cash_to_firm_value,0.0521,decimal,2026-01-09,2026-10-02,https://pages.stern.nyu.edu/~adamodar/New_Home_Page/datafile/mktcaprisk.html,"Uso libre según las reglas de uso de Damodaran ('no strings attached', https://pages.stern.nyu.edu/~adamodar/New_Home_Page/datahistory.html#rules); solo agregados por industria; se cita la fuente"
damodaran,US,7th decile,7,debt_to_capital_median,0.20989999999999998,decimal,2026-01-09,2026-10-02,https://pages.stern.nyu.edu/~adamodar/New_Home_Page/datafile/mktcaprisk.html,"Uso libre según las reglas de uso de Damodaran ('no strings attached', https://pages.stern.nyu.edu/~adamodar/New_Home_Page/datahistory.html#rules); solo agregados por industria; se cita la fuente"
damodaran,US,7th decile,7,beta_median,0.98,beta,2026-01-09,2026-10-02,https://pages.stern.nyu.edu/~adamodar/New_Home_Page/datafile/mktcaprisk.html,"Uso libre según las reglas de uso de Damodaran ('no strings attached', https://pages.stern.nyu.edu/~adamodar/New_Home_Page/datahistory.html#rules); solo agregados por industria; se cita la fuente"
damodaran,US,7th decile,7,correlation_market_median,0.33020000000000005,decimal,2026-01-09,2026-10-02,https://pages.stern.nyu.edu/~adamodar/New_Home_Page/datafile/mktcaprisk.html,"Uso libre según las reglas de uso de Damodaran ('no strings attached', https://pages.stern.nyu.edu/~adamodar/New_Home_Page/datahistory.html#rules); solo agregados por industria; se cita la fuente"
damodaran,US,7th decile,7,sd_equity_median,0.3728,decimal,2026-01-09,2026-10-02,https://pages.stern.nyu.edu/~adamodar/New_Home_Page/datafile/mktcaprisk.html,"Uso libre según las reglas de uso de Damodaran ('no strings attached', https://pages.stern.nyu.edu/~adamodar/New_Home_Page/datahistory.html#rules); solo agregados por industria; se cita la fuente"
damodaran,US,7th decile,7,total_beta,2.98,beta,2026-01-09,2026-10-02,https://pages.stern.nyu.edu/~adamodar/New_Home_Page/datafile/mktcaprisk.html,"Uso libre según las reglas de uso de Damodaran ('no strings attached', https://pages.stern.nyu.edu/~adamodar/New_Home_Page/datahistory.html#rules); solo agregados por industria; se cita la fuente"
damodaran,US,7th decile,7,hilo_risk_median,0.3482,score,2026-01-09,2026-10-02,https://pages.stern.nyu.edu/~adamodar/New_Home_Page/datafile/mktcaprisk.html,"Uso libre según las reglas de uso de Damodaran ('no strings attached', https://pages.stern.nyu.edu/~adamodar/New_Home_Page/datahistory.html#rules); solo agregados por industria; se cita la fuente"
damodaran,US,7th decile,7,interest_coverage,1.51,multiple,2026-01-09,2026-10-02,https://pages.stern.nyu.edu/~adamodar/New_Home_Page/datafile/mktcaprisk.html,"Uso libre según las reglas de uso de Damodaran ('no strings attached', https://pages.stern.nyu.edu/~adamodar/New_Home_Page/datahistory.html#rules); solo agregados por industria; se cita la fuente"
damodaran,US,8th decile,8,n_firms,390.0,count,2026-01-09,2026-10-02,https://pages.stern.nyu.edu/~adamodar/New_Home_Page/datafile/mktcaprisk.html,"Uso libre según las reglas de uso de Damodaran ('no strings attached', https://pages.stern.nyu.edu/~adamodar/New_Home_Page/datahistory.html#rules); solo agregados por industria; se cita la fuente"
damodaran,US,8th decile,8,aggregate_market_cap_usd_m,1559049.5,usd_millions,2026-01-09,2026-10-02,https://pages.stern.nyu.edu/~adamodar/New_Home_Page/datafile/mktcaprisk.html,"Uso libre según las reglas de uso de Damodaran ('no strings attached', https://pages.stern.nyu.edu/~adamodar/New_Home_Page/datahistory.html#rules); solo agregados por industria; se cita la fuente"
damodaran,US,8th decile,8,cash_to_firm_value,0.041100000000000005,decimal,2026-01-09,2026-10-02,https://pages.stern.nyu.edu/~adamodar/New_Home_Page/datafile/mktcaprisk.html,"Uso libre según las reglas de uso de Damodaran ('no strings attached', https://pages.stern.nyu.edu/~adamodar/New_Home_Page/datahistory.html#rules); solo agregados por industria; se cita la fuente"
damodaran,US,8th decile,8,debt_to_capital_median,0.1772,decimal,2026-01-09,2026-10-02,https://pages.stern.nyu.edu/~adamodar/New_Home_Page/datafile/mktcaprisk.html,"Uso libre según las reglas de uso de Damodaran ('no strings attached', https://pages.stern.nyu.edu/~adamodar/New_Home_Page/datahistory.html#rules); solo agregados por industria; se cita la fuente"
damodaran,US,8th decile,8,beta_median,0.91,beta,2026-01-09,2026-10-02,https://pages.stern.nyu.edu/~adamodar/New_Home_Page/datafile/mktcaprisk.html,"Uso libre según las reglas de uso de Damodaran ('no strings attached', https://pages.stern.nyu.edu/~adamodar/New_Home_Page/datahistory.html#rules); solo agregados por industria; se cita la fuente"
damodaran,US,8th decile,8,correlation_market_median,0.3715,decimal,2026-01-09,2026-10-02,https://pages.stern.nyu.edu/~adamodar/New_Home_Page/datafile/mktcaprisk.html,"Uso libre según las reglas de uso de Damodaran ('no strings attached', https://pages.stern.nyu.edu/~adamodar/New_Home_Page/datahistory.html#rules); solo agregados por industria; se cita la fuente"
damodaran,US,8th decile,8,sd_equity_median,0.3126,decimal,2026-01-09,2026-10-02,https://pages.stern.nyu.edu/~adamodar/New_Home_Page/datafile/mktcaprisk.html,"Uso libre según las reglas de uso de Damodaran ('no strings attached', https://pages.stern.nyu.edu/~adamodar/New_Home_Page/datahistory.html#rules); solo agregados por industria; se cita la fuente"
damodaran,US,8th decile,8,total_beta,2.45,beta,2026-01-09,2026-10-02,https://pages.stern.nyu.edu/~adamodar/New_Home_Page/datafile/mktcaprisk.html,"Uso libre según las reglas de uso de Damodaran ('no strings attached', https://pages.stern.nyu.edu/~adamodar/New_Home_Page/datahistory.html#rules); solo agregados por industria; se cita la fuente"
damodaran,US,8th decile,8,hilo_risk_median,0.3029,score,2026-01-09,2026-10-02,https://pages.stern.nyu.edu/~adamodar/New_Home_Page/datafile/mktcaprisk.html,"Uso libre según las reglas de uso de Damodaran ('no strings attached', https://pages.stern.nyu.edu/~adamodar/New_Home_Page/datahistory.html#rules); solo agregados por industria; se cita la fuente"
damodaran,US,8th decile,8,interest_coverage,2.65,multiple,2026-01-09,2026-10-02,https://pages.stern.nyu.edu/~adamodar/New_Home_Page/datafile/mktcaprisk.html,"Uso libre según las reglas de uso de Damodaran ('no strings attached', https://pages.stern.nyu.edu/~adamodar/New_Home_Page/datahistory.html#rules); solo agregados por industria; se cita la fuente"
damodaran,US,9th decile,9,n_firms,389.0,count,2026-01-09,2026-10-02,https://pages.stern.nyu.edu/~adamodar/New_Home_Page/datafile/mktcaprisk.html,"Uso libre según las reglas de uso de Damodaran ('no strings attached', https://pages.stern.nyu.edu/~adamodar/New_Home_Page/datahistory.html#rules); solo agregados por industria; se cita la fuente"
damodaran,US,9th decile,9,aggregate_market_cap_usd_m,3958411.2,usd_millions,2026-01-09,2026-10-02,https://pages.stern.nyu.edu/~adamodar/New_Home_Page/datafile/mktcaprisk.html,"Uso libre según las reglas de uso de Damodaran ('no strings attached', https://pages.stern.nyu.edu/~adamodar/New_Home_Page/datahistory.html#rules); solo agregados por industria; se cita la fuente"
damodaran,US,9th decile,9,cash_to_firm_value,0.028300000000000002,decimal,2026-01-09,2026-10-02,https://pages.stern.nyu.edu/~adamodar/New_Home_Page/datafile/mktcaprisk.html,"Uso libre según las reglas de uso de Damodaran ('no strings attached', https://pages.stern.nyu.edu/~adamodar/New_Home_Page/datahistory.html#rules); solo agregados por industria; se cita la fuente"
damodaran,US,9th decile,9,debt_to_capital_median,0.1754,decimal,2026-01-09,2026-10-02,https://pages.stern.nyu.edu/~adamodar/New_Home_Page/datafile/mktcaprisk.html,"Uso libre según las reglas de uso de Damodaran ('no strings attached', https://pages.stern.nyu.edu/~adamodar/New_Home_Page/datahistory.html#rules); solo agregados por industria; se cita la fuente"
damodaran,US,9th decile,9,beta_median,0.88,beta,2026-01-09,2026-10-02,https://pages.stern.nyu.edu/~adamodar/New_Home_Page/datafile/mktcaprisk.html,"Uso libre según las reglas de uso de Damodaran ('no strings attached', https://pages.stern.nyu.edu/~adamodar/New_Home_Page/datahistory.html#rules); solo agregados por industria; se cita la fuente"
damodaran,US,9th decile,9,correlation_market_median,0.3873,decimal,2026-01-09,2026-10-02,https://pages.stern.nyu.edu/~adamodar/New_Home_Page/datafile/mktcaprisk.html,"Uso libre según las reglas de uso de Damodaran ('no strings attached', https://pages.stern.nyu.edu/~adamodar/New_Home_Page/datahistory.html#rules); solo agregados por industria; se cita la fuente"
damodaran,US,9th decile,9,sd_equity_median,0.27699999999999997,decimal,2026-01-09,2026-10-02,https://pages.stern.nyu.edu/~adamodar/New_Home_Page/datafile/mktcaprisk.html,"Uso libre según las reglas de uso de Damodaran ('no strings attached', https://pages.stern.nyu.edu/~adamodar/New_Home_Page/datahistory.html#rules); solo agregados por industria; se cita la fuente"
damodaran,US,9th decile,9,total_beta,2.28,beta,2026-01-09,2026-10-02,https://pages.stern.nyu.edu/~adamodar/New_Home_Page/datafile/mktcaprisk.html,"Uso libre según las reglas de uso de Damodaran ('no strings attached', https://pages.stern.nyu.edu/~adamodar/New_Home_Page/datahistory.html#rules); solo agregados por industria; se cita la fuente"
damodaran,US,9th decile,9,hilo_risk_median,0.2651,score,2026-01-09,2026-10-02,https://pages.stern.nyu.edu/~adamodar/New_Home_Page/datafile/mktcaprisk.html,"Uso libre según las reglas de uso de Damodaran ('no strings attached', https://pages.stern.nyu.edu/~adamodar/New_Home_Page/datahistory.html#rules); solo agregados por industria; se cita la fuente"
damodaran,US,9th decile,9,interest_coverage,3.54,multiple,2026-01-09,2026-10-02,https://pages.stern.nyu.edu/~adamodar/New_Home_Page/datafile/mktcaprisk.html,"Uso libre según las reglas de uso de Damodaran ('no strings attached', https://pages.stern.nyu.edu/~adamodar/New_Home_Page/datahistory.html#rules); solo agregados por industria; se cita la fuente"
damodaran,US,Top decile,10,n_firms,390.0,count,2026-01-09,2026-10-02,https://pages.stern.nyu.edu/~adamodar/New_Home_Page/datafile/mktcaprisk.html,"Uso libre según las reglas de uso de Damodaran ('no strings attached', https://pages.stern.nyu.edu/~adamodar/New_Home_Page/datahistory.html#rules); solo agregados por industria; se cita la fuente"
damodaran,US,Top decile,10,aggregate_market_cap_usd_m,53612895.3,usd_millions,2026-01-09,2026-10-02,https://pages.stern.nyu.edu/~adamodar/New_Home_Page/datafile/mktcaprisk.html,"Uso libre según las reglas de uso de Damodaran ('no strings attached', https://pages.stern.nyu.edu/~adamodar/New_Home_Page/datahistory.html#rules); solo agregados por industria; se cita la fuente"
damodaran,US,Top decile,10,cash_to_firm_value,0.0254,decimal,2026-01-09,2026-10-02,https://pages.stern.nyu.edu/~adamodar/New_Home_Page/datafile/mktcaprisk.html,"Uso libre según las reglas de uso de Damodaran ('no strings attached', https://pages.stern.nyu.edu/~adamodar/New_Home_Page/datahistory.html#rules); solo agregados por industria; se cita la fuente"
damodaran,US,Top decile,10,debt_to_capital_median,0.1362,decimal,2026-01-09,2026-10-02,https://pages.stern.nyu.edu/~adamodar/New_Home_Page/datafile/mktcaprisk.html,"Uso libre según las reglas de uso de Damodaran ('no strings attached', https://pages.stern.nyu.edu/~adamodar/New_Home_Page/datahistory.html#rules); solo agregados por industria; se cita la fuente"
damodaran,US,Top decile,10,beta_median,0.78,beta,2026-01-09,2026-10-02,https://pages.stern.nyu.edu/~adamodar/New_Home_Page/datafile/mktcaprisk.html,"Uso libre según las reglas de uso de Damodaran ('no strings attached', https://pages.stern.nyu.edu/~adamodar/New_Home_Page/datahistory.html#rules); solo agregados por industria; se cita la fuente"
damodaran,US,Top decile,10,correlation_market_median,0.41590000000000005,decimal,2026-01-09,2026-10-02,https://pages.stern.nyu.edu/~adamodar/New_Home_Page/datafile/mktcaprisk.html,"Uso libre según las reglas de uso de Damodaran ('no strings attached', https://pages.stern.nyu.edu/~adamodar/New_Home_Page/datahistory.html#rules); solo agregados por industria; se cita la fuente"
damodaran,US,Top decile,10,sd_equity_median,0.2412,decimal,2026-01-09,2026-10-02,https://pages.stern.nyu.edu/~adamodar/New_Home_Page/datafile/mktcaprisk.html,"Uso libre según las reglas de uso de Damodaran ('no strings attached', https://pages.stern.nyu.edu/~adamodar/New_Home_Page/datahistory.html#rules); solo agregados por industria; se cita la fuente"
damodaran,US,Top decile,10,total_beta,1.88,beta,2026-01-09,2026-10-02,https://pages.stern.nyu.edu/~adamodar/New_Home_Page/datafile/mktcaprisk.html,"Uso libre según las reglas de uso de Damodaran ('no strings attached', https://pages.stern.nyu.edu/~adamodar/New_Home_Page/datahistory.html#rules); solo agregados por industria; se cita la fuente"
damodaran,US,Top decile,10,hilo_risk_median,0.2286,score,2026-01-09,2026-10-02,https://pages.stern.nyu.edu/~adamodar/New_Home_Page/datafile/mktcaprisk.html,"Uso libre según las reglas de uso de Damodaran ('no strings attached', https://pages.stern.nyu.edu/~adamodar/New_Home_Page/datahistory.html#rules); solo agregados por industria; se cita la fuente"
damodaran,US,Top decile,10,interest_coverage,9.23,multiple,2026-01-09,2026-10-02,https://pages.stern.nyu.edu/~adamodar/New_Home_Page/datafile/mktcaprisk.html,"Uso libre según las reglas de uso de Damodaran ('no strings attached', https://pages.stern.nyu.edu/~adamodar/New_Home_Page/datahistory.html#rules); solo agregados por industria; se cita la fuente"
damodaran,US,All firms,11,n_firms,3894.0,count,2026-01-09,2026-10-02,https://pages.stern.nyu.edu/~adamodar/New_Home_Page/datafile/mktcaprisk.html,"Uso libre según las reglas de uso de Damodaran ('no strings attached', https://pages.stern.nyu.edu/~adamodar/New_Home_Page/datahistory.html#rules); solo agregados por industria; se cita la fuente"
damodaran,US,All firms,11,aggregate_market_cap_usd_m,60407197.4,usd_millions,2026-01-09,2026-10-02,https://pages.stern.nyu.edu/~adamodar/New_Home_Page/datafile/mktcaprisk.html,"Uso libre según las reglas de uso de Damodaran ('no strings attached', https://pages.stern.nyu.edu/~adamodar/New_Home_Page/datahistory.html#rules); solo agregados por industria; se cita la fuente"
damodaran,US,All firms,11,cash_to_firm_value,0.0355,decimal,2026-01-09,2026-10-02,https://pages.stern.nyu.edu/~adamodar/New_Home_Page/datafile/mktcaprisk.html,"Uso libre según las reglas de uso de Damodaran ('no strings attached', https://pages.stern.nyu.edu/~adamodar/New_Home_Page/datahistory.html#rules); solo agregados por industria; se cita la fuente"
damodaran,US,All firms,11,debt_to_capital_median,0.11460000000000001,decimal,2026-01-09,2026-10-02,https://pages.stern.nyu.edu/~adamodar/New_Home_Page/datafile/mktcaprisk.html,"Uso libre según las reglas de uso de Damodaran ('no strings attached', https://pages.stern.nyu.edu/~adamodar/New_Home_Page/datahistory.html#rules); solo agregados por industria; se cita la fuente"
damodaran,US,All firms,11,beta_median,0.87,beta,2026-01-09,2026-10-02,https://pages.stern.nyu.edu/~adamodar/New_Home_Page/datafile/mktcaprisk.html,"Uso libre según las reglas de uso de Damodaran ('no strings attached', https://pages.stern.nyu.edu/~adamodar/New_Home_Page/datahistory.html#rules); solo agregados por industria; se cita la fuente"
damodaran,US,All firms,11,correlation_market_median,0.2,decimal,2026-01-09,2026-10-02,https://pages.stern.nyu.edu/~adamodar/New_Home_Page/datafile/mktcaprisk.html,"Uso libre según las reglas de uso de Damodaran ('no strings attached', https://pages.stern.nyu.edu/~adamodar/New_Home_Page/datahistory.html#rules); solo agregados por industria; se cita la fuente"
damodaran,US,All firms,11,sd_equity_median,0.3973,decimal,2026-01-09,2026-10-02,https://pages.stern.nyu.edu/~adamodar/New_Home_Page/datafile/mktcaprisk.html,"Uso libre según las reglas de uso de Damodaran ('no strings attached', https://pages.stern.nyu.edu/~adamodar/New_Home_Page/datahistory.html#rules); solo agregados por industria; se cita la fuente"
damodaran,US,All firms,11,total_beta,4.36,beta,2026-01-09,2026-10-02,https://pages.stern.nyu.edu/~adamodar/New_Home_Page/datafile/mktcaprisk.html,"Uso libre según las reglas de uso de Damodaran ('no strings attached', https://pages.stern.nyu.edu/~adamodar/New_Home_Page/datahistory.html#rules); solo agregados por industria; se cita la fuente"
damodaran,US,All firms,11,hilo_risk_median,0.4503,score,2026-01-09,2026-10-02,https://pages.stern.nyu.edu/~adamodar/New_Home_Page/datafile/mktcaprisk.html,"Uso libre según las reglas de uso de Damodaran ('no strings attached', https://pages.stern.nyu.edu/~adamodar/New_Home_Page/datahistory.html#rules); solo agregados por industria; se cita la fuente"
damodaran,US,All firms,11,interest_coverage,6.5,multiple,2026-01-09,2026-10-02,https://pages.stern.nyu.edu/~adamodar/New_Home_Page/datafile/mktcaprisk.html,"Uso libre según las reglas de uso de Damodaran ('no strings attached', https://pages.stern.nyu.edu/~adamodar/New_Home_Page/datahistory.html#rules); solo agregados por industria; se cita la fuente"
damodaran,US,Bottom decile,1,pe_trailing,11.43,multiple,2026-01-09,2026-10-02,https://pages.stern.nyu.edu/~adamodar/New_Home_Page/datafile/mktcapmult.html,"Uso libre según las reglas de uso de Damodaran ('no strings attached', https://pages.stern.nyu.edu/~adamodar/New_Home_Page/datahistory.html#rules); solo agregados por industria; se cita la fuente"
damodaran,US,Bottom decile,1,pe_forward,5.45,multiple,2026-01-09,2026-10-02,https://pages.stern.nyu.edu/~adamodar/New_Home_Page/datafile/mktcapmult.html,"Uso libre según las reglas de uso de Damodaran ('no strings attached', https://pages.stern.nyu.edu/~adamodar/New_Home_Page/datahistory.html#rules); solo agregados por industria; se cita la fuente"
damodaran,US,Bottom decile,1,peg,0.57,multiple,2026-01-09,2026-10-02,https://pages.stern.nyu.edu/~adamodar/New_Home_Page/datafile/mktcapmult.html,"Uso libre según las reglas de uso de Damodaran ('no strings attached', https://pages.stern.nyu.edu/~adamodar/New_Home_Page/datahistory.html#rules); solo agregados por industria; se cita la fuente"
damodaran,US,Bottom decile,1,pbv,0.99,multiple,2026-01-09,2026-10-02,https://pages.stern.nyu.edu/~adamodar/New_Home_Page/datafile/mktcapmult.html,"Uso libre según las reglas de uso de Damodaran ('no strings attached', https://pages.stern.nyu.edu/~adamodar/New_Home_Page/datahistory.html#rules); solo agregados por industria; se cita la fuente"
damodaran,US,Bottom decile,1,price_to_sales,0.96,multiple,2026-01-09,2026-10-02,https://pages.stern.nyu.edu/~adamodar/New_Home_Page/datafile/mktcapmult.html,"Uso libre según las reglas de uso de Damodaran ('no strings attached', https://pages.stern.nyu.edu/~adamodar/New_Home_Page/datahistory.html#rules); solo agregados por industria; se cita la fuente"
damodaran,US,Bottom decile,1,ev_ebit,14.25,multiple,2026-01-09,2026-10-02,https://pages.stern.nyu.edu/~adamodar/New_Home_Page/datafile/mktcapmult.html,"Uso libre según las reglas de uso de Damodaran ('no strings attached', https://pages.stern.nyu.edu/~adamodar/New_Home_Page/datahistory.html#rules); solo agregados por industria; se cita la fuente"
damodaran,US,Bottom decile,1,ev_ebitda,10.75,multiple,2026-01-09,2026-10-02,https://pages.stern.nyu.edu/~adamodar/New_Home_Page/datafile/mktcapmult.html,"Uso libre según las reglas de uso de Damodaran ('no strings attached', https://pages.stern.nyu.edu/~adamodar/New_Home_Page/datahistory.html#rules); solo agregados por industria; se cita la fuente"
damodaran,US,Bottom decile,1,ev_sales,1.23,multiple,2026-01-09,2026-10-02,https://pages.stern.nyu.edu/~adamodar/New_Home_Page/datafile/mktcapmult.html,"Uso libre según las reglas de uso de Damodaran ('no strings attached', https://pages.stern.nyu.edu/~adamodar/New_Home_Page/datahistory.html#rules); solo agregados por industria; se cita la fuente"
damodaran,US,Bottom decile,1,ev_invested_capital,1.07,multiple,2026-01-09,2026-10-02,https://pages.stern.nyu.edu/~adamodar/New_Home_Page/datafile/mktcapmult.html,"Uso libre según las reglas de uso de Damodaran ('no strings attached', https://pages.stern.nyu.edu/~adamodar/New_Home_Page/datahistory.html#rules); solo agregados por industria; se cita la fuente"
damodaran,US,Bottom decile,1,roe,-0.2421,decimal,2026-01-09,2026-10-02,https://pages.stern.nyu.edu/~adamodar/New_Home_Page/datafile/mktcapmult.html,"Uso libre según las reglas de uso de Damodaran ('no strings attached', https://pages.stern.nyu.edu/~adamodar/New_Home_Page/datahistory.html#rules); solo agregados por industria; se cita la fuente"
damodaran,US,Bottom decile,1,roic_pretax,-0.0653,decimal,2026-01-09,2026-10-02,https://pages.stern.nyu.edu/~adamodar/New_Home_Page/datafile/mktcapmult.html,"Uso libre según las reglas de uso de Damodaran ('no strings attached', https://pages.stern.nyu.edu/~adamodar/New_Home_Page/datahistory.html#rules); solo agregados por industria; se cita la fuente"
damodaran,US,Bottom decile,1,net_margin,-0.0282,decimal,2026-01-09,2026-10-02,https://pages.stern.nyu.edu/~adamodar/New_Home_Page/datafile/mktcapmult.html,"Uso libre según las reglas de uso de Damodaran ('no strings attached', https://pages.stern.nyu.edu/~adamodar/New_Home_Page/datahistory.html#rules); solo agregados por industria; se cita la fuente"
damodaran,US,Bottom decile,1,operating_margin,-0.0258,decimal,2026-01-09,2026-10-02,https://pages.stern.nyu.edu/~adamodar/New_Home_Page/datafile/mktcapmult.html,"Uso libre según las reglas de uso de Damodaran ('no strings attached', https://pages.stern.nyu.edu/~adamodar/New_Home_Page/datahistory.html#rules); solo agregados por industria; se cita la fuente"
damodaran,US,Bottom decile,1,share_net_loss,0.5325,decimal,2026-01-09,2026-10-02,https://pages.stern.nyu.edu/~adamodar/New_Home_Page/datafile/mktcapmult.html,"Uso libre según las reglas de uso de Damodaran ('no strings attached', https://pages.stern.nyu.edu/~adamodar/New_Home_Page/datahistory.html#rules); solo agregados por industria; se cita la fuente"
damodaran,US,Bottom decile,1,share_operating_loss,0.5377000000000001,decimal,2026-01-09,2026-10-02,https://pages.stern.nyu.edu/~adamodar/New_Home_Page/datafile/mktcapmult.html,"Uso libre según las reglas de uso de Damodaran ('no strings attached', https://pages.stern.nyu.edu/~adamodar/New_Home_Page/datahistory.html#rules); solo agregados por industria; se cita la fuente"
damodaran,US,2nd decile,2,pe_trailing,11.14,multiple,2026-01-09,2026-10-02,https://pages.stern.nyu.edu/~adamodar/New_Home_Page/datafile/mktcapmult.html,"Uso libre según las reglas de uso de Damodaran ('no strings attached', https://pages.stern.nyu.edu/~adamodar/New_Home_Page/datahistory.html#rules); solo agregados por industria; se cita la fuente"
damodaran,US,2nd decile,2,pe_forward,12.65,multiple,2026-01-09,2026-10-02,https://pages.stern.nyu.edu/~adamodar/New_Home_Page/datafile/mktcapmult.html,"Uso libre según las reglas de uso de Damodaran ('no strings attached', https://pages.stern.nyu.edu/~adamodar/New_Home_Page/datahistory.html#rules); solo agregados por industria; se cita la fuente"
damodaran,US,2nd decile,2,peg,0.62,multiple,2026-01-09,2026-10-02,https://pages.stern.nyu.edu/~adamodar/New_Home_Page/datafile/mktcapmult.html,"Uso libre según las reglas de uso de Damodaran ('no strings attached', https://pages.stern.nyu.edu/~adamodar/New_Home_Page/datahistory.html#rules); solo agregados por industria; se cita la fuente"
damodaran,US,2nd decile,2,pbv,1.44,multiple,2026-01-09,2026-10-02,https://pages.stern.nyu.edu/~adamodar/New_Home_Page/datafile/mktcapmult.html,"Uso libre según las reglas de uso de Damodaran ('no strings attached', https://pages.stern.nyu.edu/~adamodar/New_Home_Page/datahistory.html#rules); solo agregados por industria; se cita la fuente"
damodaran,US,2nd decile,2,price_to_sales,1.33,multiple,2026-01-09,2026-10-02,https://pages.stern.nyu.edu/~adamodar/New_Home_Page/datafile/mktcapmult.html,"Uso libre según las reglas de uso de Damodaran ('no strings attached', https://pages.stern.nyu.edu/~adamodar/New_Home_Page/datahistory.html#rules); solo agregados por industria; se cita la fuente"
damodaran,US,2nd decile,2,ev_ebit,13.19,multiple,2026-01-09,2026-10-02,https://pages.stern.nyu.edu/~adamodar/New_Home_Page/datafile/mktcapmult.html,"Uso libre según las reglas de uso de Damodaran ('no strings attached', https://pages.stern.nyu.edu/~adamodar/New_Home_Page/datahistory.html#rules); solo agregados por industria; se cita la fuente"
damodaran,US,2nd decile,2,ev_ebitda,10.03,multiple,2026-01-09,2026-10-02,https://pages.stern.nyu.edu/~adamodar/New_Home_Page/datafile/mktcapmult.html,"Uso libre según las reglas de uso de Damodaran ('no strings attached', https://pages.stern.nyu.edu/~adamodar/New_Home_Page/datahistory.html#rules); solo agregados por industria; se cita la fuente"
damodaran,US,2nd decile,2,ev_sales,1.71,multiple,2026-01-09,2026-10-02,https://pages.stern.nyu.edu/~adamodar/New_Home_Page/datafile/mktcapmult.html,"Uso libre según las reglas de uso de Damodaran ('no strings attached', https://pages.stern.nyu.edu/~adamodar/New_Home_Page/datahistory.html#rules); solo agregados por industria; se cita la fuente"
damodaran,US,2nd decile,2,ev_invested_capital,1.62,multiple,2026-01-09,2026-10-02,https://pages.stern.nyu.edu/~adamodar/New_Home_Page/datafile/mktcapmult.html,"Uso libre según las reglas de uso de Damodaran ('no strings attached', https://pages.stern.nyu.edu/~adamodar/New_Home_Page/datahistory.html#rules); solo agregados por industria; se cita la fuente"
damodaran,US,2nd decile,2,roe,-0.2006,decimal,2026-01-09,2026-10-02,https://pages.stern.nyu.edu/~adamodar/New_Home_Page/datafile/mktcapmult.html,"Uso libre según las reglas de uso de Damodaran ('no strings attached', https://pages.stern.nyu.edu/~adamodar/New_Home_Page/datahistory.html#rules); solo agregados por industria; se cita la fuente"
damodaran,US,2nd decile,2,roic_pretax,-0.0496,decimal,2026-01-09,2026-10-02,https://pages.stern.nyu.edu/~adamodar/New_Home_Page/datafile/mktcapmult.html,"Uso libre según las reglas de uso de Damodaran ('no strings attached', https://pages.stern.nyu.edu/~adamodar/New_Home_Page/datahistory.html#rules); solo agregados por industria; se cita la fuente"
damodaran,US,2nd decile,2,net_margin,-0.051500000000000004,decimal,2026-01-09,2026-10-02,https://pages.stern.nyu.edu/~adamodar/New_Home_Page/datafile/mktcapmult.html,"Uso libre según las reglas de uso de Damodaran ('no strings attached', https://pages.stern.nyu.edu/~adamodar/New_Home_Page/datahistory.html#rules); solo agregados por industria; se cita la fuente"
damodaran,US,2nd decile,2,operating_margin,-0.0254,decimal,2026-01-09,2026-10-02,https://pages.stern.nyu.edu/~adamodar/New_Home_Page/datafile/mktcapmult.html,"Uso libre según las reglas de uso de Damodaran ('no strings attached', https://pages.stern.nyu.edu/~adamodar/New_Home_Page/datahistory.html#rules); solo agregados por industria; se cita la fuente"
damodaran,US,2nd decile,2,share_net_loss,0.598,decimal,2026-01-09,2026-10-02,https://pages.stern.nyu.edu/~adamodar/New_Home_Page/datafile/mktcapmult.html,"Uso libre según las reglas de uso de Damodaran ('no strings attached', https://pages.stern.nyu.edu/~adamodar/New_Home_Page/datahistory.html#rules); solo agregados por industria; se cita la fuente"
damodaran,US,2nd decile,2,share_operating_loss,0.5725,decimal,2026-01-09,2026-10-02,https://pages.stern.nyu.edu/~adamodar/New_Home_Page/datafile/mktcapmult.html,"Uso libre según las reglas de uso de Damodaran ('no strings attached', https://pages.stern.nyu.edu/~adamodar/New_Home_Page/datahistory.html#rules); solo agregados por industria; se cita la fuente"
damodaran,US,3rd decile,3,pe_trailing,13.77,multiple,2026-01-09,2026-10-02,https://pages.stern.nyu.edu/~adamodar/New_Home_Page/datafile/mktcapmult.html,"Uso libre según las reglas de uso de Damodaran ('no strings attached', https://pages.stern.nyu.edu/~adamodar/New_Home_Page/datahistory.html#rules); solo agregados por industria; se cita la fuente"
damodaran,US,3rd decile,3,pe_forward,17.17,multiple,2026-01-09,2026-10-02,https://pages.stern.nyu.edu/~adamodar/New_Home_Page/datafile/mktcapmult.html,"Uso libre según las reglas de uso de Damodaran ('no strings attached', https://pages.stern.nyu.edu/~adamodar/New_Home_Page/datahistory.html#rules); solo agregados por industria; se cita la fuente"
damodaran,US,3rd decile,3,peg,0.92,multiple,2026-01-09,2026-10-02,https://pages.stern.nyu.edu/~adamodar/New_Home_Page/datafile/mktcapmult.html,"Uso libre según las reglas de uso de Damodaran ('no strings attached', https://pages.stern.nyu.edu/~adamodar/New_Home_Page/datahistory.html#rules); solo agregados por industria; se cita la fuente"
damodaran,US,3rd decile,3,pbv,1.4,multiple,2026-01-09,2026-10-02,https://pages.stern.nyu.edu/~adamodar/New_Home_Page/datafile/mktcapmult.html,"Uso libre según las reglas de uso de Damodaran ('no strings attached', https://pages.stern.nyu.edu/~adamodar/New_Home_Page/datahistory.html#rules); solo agregados por industria; se cita la fuente"
damodaran,US,3rd decile,3,price_to_sales,1.16,multiple,2026-01-09,2026-10-02,https://pages.stern.nyu.edu/~adamodar/New_Home_Page/datafile/mktcapmult.html,"Uso libre según las reglas de uso de Damodaran ('no strings attached', https://pages.stern.nyu.edu/~adamodar/New_Home_Page/datahistory.html#rules); solo agregados por industria; se cita la fuente"
damodaran,US,3rd decile,3,ev_ebit,12.66,multiple,2026-01-09,2026-10-02,https://pages.stern.nyu.edu/~adamodar/New_Home_Page/datafile/mktcapmult.html,"Uso libre según las reglas de uso de Damodaran ('no strings attached', https://pages.stern.nyu.edu/~adamodar/New_Home_Page/datahistory.html#rules); solo agregados por industria; se cita la fuente"
damodaran,US,3rd decile,3,ev_ebitda,9.23,multiple,2026-01-09,2026-10-02,https://pages.stern.nyu.edu/~adamodar/New_Home_Page/datafile/mktcapmult.html,"Uso libre según las reglas de uso de Damodaran ('no strings attached', https://pages.stern.nyu.edu/~adamodar/New_Home_Page/datahistory.html#rules); solo agregados por industria; se cita la fuente"
damodaran,US,3rd decile,3,ev_sales,1.48,multiple,2026-01-09,2026-10-02,https://pages.stern.nyu.edu/~adamodar/New_Home_Page/datafile/mktcapmult.html,"Uso libre según las reglas de uso de Damodaran ('no strings attached', https://pages.stern.nyu.edu/~adamodar/New_Home_Page/datahistory.html#rules); solo agregados por industria; se cita la fuente"
damodaran,US,3rd decile,3,ev_invested_capital,1.5,multiple,2026-01-09,2026-10-02,https://pages.stern.nyu.edu/~adamodar/New_Home_Page/datafile/mktcapmult.html,"Uso libre según las reglas de uso de Damodaran ('no strings attached', https://pages.stern.nyu.edu/~adamodar/New_Home_Page/datahistory.html#rules); solo agregados por industria; se cita la fuente"
damodaran,US,3rd decile,3,roe,-0.1394,decimal,2026-01-09,2026-10-02,https://pages.stern.nyu.edu/~adamodar/New_Home_Page/datafile/mktcapmult.html,"Uso libre según las reglas de uso de Damodaran ('no strings attached', https://pages.stern.nyu.edu/~adamodar/New_Home_Page/datahistory.html#rules); solo agregados por industria; se cita la fuente"
damodaran,US,3rd decile,3,roic_pretax,-0.0165,decimal,2026-01-09,2026-10-02,https://pages.stern.nyu.edu/~adamodar/New_Home_Page/datafile/mktcapmult.html,"Uso libre según las reglas de uso de Damodaran ('no strings attached', https://pages.stern.nyu.edu/~adamodar/New_Home_Page/datahistory.html#rules); solo agregados por industria; se cita la fuente"
damodaran,US,3rd decile,3,net_margin,-0.0401,decimal,2026-01-09,2026-10-02,https://pages.stern.nyu.edu/~adamodar/New_Home_Page/datafile/mktcapmult.html,"Uso libre según las reglas de uso de Damodaran ('no strings attached', https://pages.stern.nyu.edu/~adamodar/New_Home_Page/datahistory.html#rules); solo agregados por industria; se cita la fuente"
damodaran,US,3rd decile,3,operating_margin,-0.0060999999999999995,decimal,2026-01-09,2026-10-02,https://pages.stern.nyu.edu/~adamodar/New_Home_Page/datafile/mktcapmult.html,"Uso libre según las reglas de uso de Damodaran ('no strings attached', https://pages.stern.nyu.edu/~adamodar/New_Home_Page/datahistory.html#rules); solo agregados por industria; se cita la fuente"
damodaran,US,3rd decile,3,share_net_loss,0.6,decimal,2026-01-09,2026-10-02,https://pages.stern.nyu.edu/~adamodar/New_Home_Page/datafile/mktcapmult.html,"Uso libre según las reglas de uso de Damodaran ('no strings attached', https://pages.stern.nyu.edu/~adamodar/New_Home_Page/datahistory.html#rules); solo agregados por industria; se cita la fuente"
damodaran,US,3rd decile,3,share_operating_loss,0.5436,decimal,2026-01-09,2026-10-02,https://pages.stern.nyu.edu/~adamodar/New_Home_Page/datafile/mktcapmult.html,"Uso libre según las reglas de uso de Damodaran ('no strings attached', https://pages.stern.nyu.edu/~adamodar/New_Home_Page/datahistory.html#rules); solo agregados por industria; se cita la fuente"
damodaran,US,4th decile,4,pe_trailing,15.52,multiple,2026-01-09,2026-10-02,https://pages.stern.nyu.edu/~adamodar/New_Home_Page/datafile/mktcapmult.html,"Uso libre según las reglas de uso de Damodaran ('no strings attached', https://pages.stern.nyu.edu/~adamodar/New_Home_Page/datahistory.html#rules); solo agregados por industria; se cita la fuente"
damodaran,US,4th decile,4,pe_forward,15.93,multiple,2026-01-09,2026-10-02,https://pages.stern.nyu.edu/~adamodar/New_Home_Page/datafile/mktcapmult.html,"Uso libre según las reglas de uso de Damodaran ('no strings attached', https://pages.stern.nyu.edu/~adamodar/New_Home_Page/datahistory.html#rules); solo agregados por industria; se cita la fuente"
damodaran,US,4th decile,4,peg,1.11,multiple,2026-01-09,2026-10-02,https://pages.stern.nyu.edu/~adamodar/New_Home_Page/datafile/mktcapmult.html,"Uso libre según las reglas de uso de Damodaran ('no strings attached', https://pages.stern.nyu.edu/~adamodar/New_Home_Page/datahistory.html#rules); solo agregados por industria; se cita la fuente"
damodaran,US,4th decile,4,pbv,1.73,multiple,2026-01-09,2026-10-02,https://pages.stern.nyu.edu/~adamodar/New_Home_Page/datafile/mktcapmult.html,"Uso libre según las reglas de uso de Damodaran ('no strings attached', https://pages.stern.nyu.edu/~adamodar/New_Home_Page/datahistory.html#rules); solo agregados por industria; se cita la fuente"
damodaran,US,4th decile,4,price_to_sales,2.17,multiple,2026-01-09,2026-10-02,https://pages.stern.nyu.edu/~adamodar/New_Home_Page/datafile/mktcapmult.html,"Uso libre según las reglas de uso de Damodaran ('no strings attached', https://pages.stern.nyu.edu/~adamodar/New_Home_Page/datahistory.html#rules); solo agregados por industria; se cita la fuente"
damodaran,US,4th decile,4,ev_ebit,16.06,multiple,2026-01-09,2026-10-02,https://pages.stern.nyu.edu/~adamodar/New_Home_Page/datafile/mktcapmult.html,"Uso libre según las reglas de uso de Damodaran ('no strings attached', https://pages.stern.nyu.edu/~adamodar/New_Home_Page/datahistory.html#rules); solo agregados por industria; se cita la fuente"
damodaran,US,4th decile,4,ev_ebitda,10.92,multiple,2026-01-09,2026-10-02,https://pages.stern.nyu.edu/~adamodar/New_Home_Page/datafile/mktcapmult.html,"Uso libre según las reglas de uso de Damodaran ('no strings attached', https://pages.stern.nyu.edu/~adamodar/New_Home_Page/datahistory.html#rules); solo agregados por industria; se cita la fuente"
damodaran,US,4th decile,4,ev_sales,2.34,multiple,2026-01-09,2026-10-02,https://pages.stern.nyu.edu/~adamodar/New_Home_Page/datafile/mktcapmult.html,"Uso libre según las reglas de uso de Damodaran ('no strings attached', https://pages.stern.nyu.edu/~adamodar/New_Home_Page/datahistory.html#rules); solo agregados por industria; se cita la fuente"
damodaran,US,4th decile,4,ev_invested_capital,1.67,multiple,2026-01-09,2026-10-02,https://pages.stern.nyu.edu/~adamodar/New_Home_Page/datafile/mktcapmult.html,"Uso libre según las reglas de uso de Damodaran ('no strings attached', https://pages.stern.nyu.edu/~adamodar/New_Home_Page/datahistory.html#rules); solo agregados por industria; se cita la fuente"
damodaran,US,4th decile,4,roe,-0.1186,decimal,2026-01-09,2026-10-02,https://pages.stern.nyu.edu/~adamodar/New_Home_Page/datafile/mktcapmult.html,"Uso libre según las reglas de uso de Damodaran ('no strings attached', https://pages.stern.nyu.edu/~adamodar/New_Home_Page/datahistory.html#rules); solo agregados por industria; se cita la fuente"
damodaran,US,4th decile,4,roic_pretax,-0.023,decimal,2026-01-09,2026-10-02,https://pages.stern.nyu.edu/~adamodar/New_Home_Page/datafile/mktcapmult.html,"Uso libre según las reglas de uso de Damodaran ('no strings attached', https://pages.stern.nyu.edu/~adamodar/New_Home_Page/datahistory.html#rules); solo agregados por industria; se cita la fuente"
damodaran,US,4th decile,4,net_margin,-0.044199999999999996,decimal,2026-01-09,2026-10-02,https://pages.stern.nyu.edu/~adamodar/New_Home_Page/datafile/mktcapmult.html,"Uso libre según las reglas de uso de Damodaran ('no strings attached', https://pages.stern.nyu.edu/~adamodar/New_Home_Page/datahistory.html#rules); solo agregados por industria; se cita la fuente"
damodaran,US,4th decile,4,operating_margin,-0.0084,decimal,2026-01-09,2026-10-02,https://pages.stern.nyu.edu/~adamodar/New_Home_Page/datafile/mktcapmult.html,"Uso libre según las reglas de uso de Damodaran ('no strings attached', https://pages.stern.nyu.edu/~adamodar/New_Home_Page/datahistory.html#rules); solo agregados por industria; se cita la fuente"
damodaran,US,4th decile,4,share_net_loss,0.5758,decimal,2026-01-09,2026-10-02,https://pages.stern.nyu.edu/~adamodar/New_Home_Page/datafile/mktcapmult.html,"Uso libre según las reglas de uso de Damodaran ('no strings attached', https://pages.stern.nyu.edu/~adamodar/New_Home_Page/datahistory.html#rules); solo agregados por industria; se cita la fuente"
damodaran,US,4th decile,4,share_operating_loss,0.5347,decimal,2026-01-09,2026-10-02,https://pages.stern.nyu.edu/~adamodar/New_Home_Page/datafile/mktcapmult.html,"Uso libre según las reglas de uso de Damodaran ('no strings attached', https://pages.stern.nyu.edu/~adamodar/New_Home_Page/datahistory.html#rules); solo agregados por industria; se cita la fuente"
damodaran,US,5th decile,5,pe_trailing,16.79,multiple,2026-01-09,2026-10-02,https://pages.stern.nyu.edu/~adamodar/New_Home_Page/datafile/mktcapmult.html,"Uso libre según las reglas de uso de Damodaran ('no strings attached', https://pages.stern.nyu.edu/~adamodar/New_Home_Page/datahistory.html#rules); solo agregados por industria; se cita la fuente"
damodaran,US,5th decile,5,pe_forward,15.2,multiple,2026-01-09,2026-10-02,https://pages.stern.nyu.edu/~adamodar/New_Home_Page/datafile/mktcapmult.html,"Uso libre según las reglas de uso de Damodaran ('no strings attached', https://pages.stern.nyu.edu/~adamodar/New_Home_Page/datahistory.html#rules); solo agregados por industria; se cita la fuente"
damodaran,US,5th decile,5,peg,1.53,multiple,2026-01-09,2026-10-02,https://pages.stern.nyu.edu/~adamodar/New_Home_Page/datafile/mktcapmult.html,"Uso libre según las reglas de uso de Damodaran ('no strings attached', https://pages.stern.nyu.edu/~adamodar/New_Home_Page/datahistory.html#rules); solo agregados por industria; se cita la fuente"
damodaran,US,5th decile,5,pbv,1.55,multiple,2026-01-09,2026-10-02,https://pages.stern.nyu.edu/~adamodar/New_Home_Page/datafile/mktcapmult.html,"Uso libre según las reglas de uso de Damodaran ('no strings attached', https://pages.stern.nyu.edu/~adamodar/New_Home_Page/datahistory.html#rules); solo agregados por industria; se cita la fuente"
damodaran,US,5th decile,5,price_to_sales,1.54,multiple,2026-01-09,2026-10-02,https://pages.stern.nyu.edu/~adamodar/New_Home_Page/datafile/mktcapmult.html,"Uso libre según las reglas de uso de Damodaran ('no strings attached', https://pages.stern.nyu.edu/~adamodar/New_Home_Page/datahistory.html#rules); solo agregados por industria; se cita la fuente"
damodaran,US,5th decile,5,ev_ebit,16.62,multiple,2026-01-09,2026-10-02,https://pages.stern.nyu.edu/~adamodar/New_Home_Page/datafile/mktcapmult.html,"Uso libre según las reglas de uso de Damodaran ('no strings attached', https://pages.stern.nyu.edu/~adamodar/New_Home_Page/datahistory.html#rules); solo agregados por industria; se cita la fuente"
damodaran,US,5th decile,5,ev_ebitda,9.56,multiple,2026-01-09,2026-10-02,https://pages.stern.nyu.edu/~adamodar/New_Home_Page/datafile/mktcapmult.html,"Uso libre según las reglas de uso de Damodaran ('no strings attached', https://pages.stern.nyu.edu/~adamodar/New_Home_Page/datahistory.html#rules); solo agregados por industria; se cita la fuente"
damodaran,US,5th decile,5,ev_sales,1.87,multiple,2026-01-09,2026-10-02,https://pages.stern.nyu.edu/~adamodar/New_Home_Page/datafile/mktcapmult.html,"Uso libre según las reglas de uso de Damodaran ('no strings attached', https://pages.stern.nyu.edu/~adamodar/New_Home_Page/datahistory.html#rules); solo agregados por industria; se cita la fuente"
damodaran,US,5th decile,5,ev_invested_capital,1.67,multiple,2026-01-09,2026-10-02,https://pages.stern.nyu.edu/~adamodar/New_Home_Page/datafile/mktcapmult.html,"Uso libre según las reglas de uso de Damodaran ('no strings attached', https://pages.stern.nyu.edu/~adamodar/New_Home_Page/datahistory.html#rules); solo agregados por industria; se cita la fuente"
damodaran,US,5th decile,5,roe,0.0044,decimal,2026-01-09,2026-10-02,https://pages.stern.nyu.edu/~adamodar/New_Home_Page/datafile/mktcapmult.html,"Uso libre según las reglas de uso de Damodaran ('no strings attached', https://pages.stern.nyu.edu/~adamodar/New_Home_Page/datahistory.html#rules); solo agregados por industria; se cita la fuente"
damodaran,US,5th decile,5,roic_pretax,0.0305,decimal,2026-01-09,2026-10-02,https://pages.stern.nyu.edu/~adamodar/New_Home_Page/datafile/mktcapmult.html,"Uso libre según las reglas de uso de Damodaran ('no strings attached', https://pages.stern.nyu.edu/~adamodar/New_Home_Page/datahistory.html#rules); solo agregados por industria; se cita la fuente"
damodaran,US,5th decile,5,net_margin,0.009000000000000001,decimal,2026-01-09,2026-10-02,https://pages.stern.nyu.edu/~adamodar/New_Home_Page/datafile/mktcapmult.html,"Uso libre según las reglas de uso de Damodaran ('no strings attached', https://pages.stern.nyu.edu/~adamodar/New_Home_Page/datahistory.html#rules); solo agregados por industria; se cita la fuente"
damodaran,US,5th decile,5,operating_margin,0.04019999999999999,decimal,2026-01-09,2026-10-02,https://pages.stern.nyu.edu/~adamodar/New_Home_Page/datafile/mktcapmult.html,"Uso libre según las reglas de uso de Damodaran ('no strings attached', https://pages.stern.nyu.edu/~adamodar/New_Home_Page/datahistory.html#rules); solo agregados por industria; se cita la fuente"
damodaran,US,5th decile,5,share_net_loss,0.5051,decimal,2026-01-09,2026-10-02,https://pages.stern.nyu.edu/~adamodar/New_Home_Page/datafile/mktcapmult.html,"Uso libre según las reglas de uso de Damodaran ('no strings attached', https://pages.stern.nyu.edu/~adamodar/New_Home_Page/datahistory.html#rules); solo agregados por industria; se cita la fuente"
damodaran,US,5th decile,5,share_operating_loss,0.4282,decimal,2026-01-09,2026-10-02,https://pages.stern.nyu.edu/~adamodar/New_Home_Page/datafile/mktcapmult.html,"Uso libre según las reglas de uso de Damodaran ('no strings attached', https://pages.stern.nyu.edu/~adamodar/New_Home_Page/datahistory.html#rules); solo agregados por industria; se cita la fuente"
damodaran,US,6th decile,6,pe_trailing,21.5,multiple,2026-01-09,2026-10-02,https://pages.stern.nyu.edu/~adamodar/New_Home_Page/datafile/mktcapmult.html,"Uso libre según las reglas de uso de Damodaran ('no strings attached', https://pages.stern.nyu.edu/~adamodar/New_Home_Page/datahistory.html#rules); solo agregados por industria; se cita la fuente"
damodaran,US,6th decile,6,pe_forward,17.29,multiple,2026-01-09,2026-10-02,https://pages.stern.nyu.edu/~adamodar/New_Home_Page/datafile/mktcapmult.html,"Uso libre según las reglas de uso de Damodaran ('no strings attached', https://pages.stern.nyu.edu/~adamodar/New_Home_Page/datahistory.html#rules); solo agregados por industria; se cita la fuente"
damodaran,US,6th decile,6,peg,1.95,multiple,2026-01-09,2026-10-02,https://pages.stern.nyu.edu/~adamodar/New_Home_Page/datafile/mktcapmult.html,"Uso libre según las reglas de uso de Damodaran ('no strings attached', https://pages.stern.nyu.edu/~adamodar/New_Home_Page/datahistory.html#rules); solo agregados por industria; se cita la fuente"
damodaran,US,6th decile,6,pbv,1.96,multiple,2026-01-09,2026-10-02,https://pages.stern.nyu.edu/~adamodar/New_Home_Page/datafile/mktcapmult.html,"Uso libre según las reglas de uso de Damodaran ('no strings attached', https://pages.stern.nyu.edu/~adamodar/New_Home_Page/datahistory.html#rules); solo agregados por industria; se cita la fuente"
damodaran,US,6th decile,6,price_to_sales,1.68,multiple,2026-01-09,2026-10-02,https://pages.stern.nyu.edu/~adamodar/New_Home_Page/datafile/mktcapmult.html,"Uso libre según las reglas de uso de Damodaran ('no strings attached', https://pages.stern.nyu.edu/~adamodar/New_Home_Page/datahistory.html#rules); solo agregados por industria; se cita la fuente"
damodaran,US,6th decile,6,ev_ebit,19.69,multiple,2026-01-09,2026-10-02,https://pages.stern.nyu.edu/~adamodar/New_Home_Page/datafile/mktcapmult.html,"Uso libre según las reglas de uso de Damodaran ('no strings attached', https://pages.stern.nyu.edu/~adamodar/New_Home_Page/datahistory.html#rules); solo agregados por industria; se cita la fuente"
damodaran,US,6th decile,6,ev_ebitda,10.45,multiple,2026-01-09,2026-10-02,https://pages.stern.nyu.edu/~adamodar/New_Home_Page/datafile/mktcapmult.html,"Uso libre según las reglas de uso de Damodaran ('no strings attached', https://pages.stern.nyu.edu/~adamodar/New_Home_Page/datahistory.html#rules); solo agregados por industria; se cita la fuente"
damodaran,US,6th decile,6,ev_sales,2.19,multiple,2026-01-09,2026-10-02,https://pages.stern.nyu.edu/~adamodar/New_Home_Page/datafile/mktcapmult.html,"Uso libre según las reglas de uso de Damodaran ('no strings attached', https://pages.stern.nyu.edu/~adamodar/New_Home_Page/datahistory.html#rules); solo agregados por industria; se cita la fuente"
damodaran,US,6th decile,6,ev_invested_capital,2.18,multiple,2026-01-09,2026-10-02,https://pages.stern.nyu.edu/~adamodar/New_Home_Page/datafile/mktcapmult.html,"Uso libre según las reglas de uso de Damodaran ('no strings attached', https://pages.stern.nyu.edu/~adamodar/New_Home_Page/datahistory.html#rules); solo agregados por industria; se cita la fuente"
damodaran,US,6th decile,6,roe,0.0034999999999999996,decimal,2026-01-09,2026-10-02,https://pages.stern.nyu.edu/~adamodar/New_Home_Page/datafile/mktcapmult.html,"Uso libre según las reglas de uso de Damodaran ('no strings attached', https://pages.stern.nyu.edu/~adamodar/New_Home_Page/datahistory.html#rules); solo agregados por industria; se cita la fuente"
damodaran,US,6th decile,6,roic_pretax,0.0361,decimal,2026-01-09,2026-10-02,https://pages.stern.nyu.edu/~adamodar/New_Home_Page/datafile/mktcapmult.html,"Uso libre según las reglas de uso de Damodaran ('no strings attached', https://pages.stern.nyu.edu/~adamodar/New_Home_Page/datahistory.html#rules); solo agregados por industria; se cita la fuente"
damodaran,US,6th decile,6,net_margin,0.005699999999999999,decimal,2026-01-09,2026-10-02,https://pages.stern.nyu.edu/~adamodar/New_Home_Page/datafile/mktcapmult.html,"Uso libre según las reglas de uso de Damodaran ('no strings attached', https://pages.stern.nyu.edu/~adamodar/New_Home_Page/datahistory.html#rules); solo agregados por industria; se cita la fuente"
damodaran,US,6th decile,6,operating_margin,0.043,decimal,2026-01-09,2026-10-02,https://pages.stern.nyu.edu/~adamodar/New_Home_Page/datafile/mktcapmult.html,"Uso libre según las reglas de uso de Damodaran ('no strings attached', https://pages.stern.nyu.edu/~adamodar/New_Home_Page/datahistory.html#rules); solo agregados por industria; se cita la fuente"
damodaran,US,6th decile,6,share_net_loss,0.509,decimal,2026-01-09,2026-10-02,https://pages.stern.nyu.edu/~adamodar/New_Home_Page/datafile/mktcapmult.html,"Uso libre según las reglas de uso de Damodaran ('no strings attached', https://pages.stern.nyu.edu/~adamodar/New_Home_Page/datahistory.html#rules); solo agregados por industria; se cita la fuente"
damodaran,US,6th decile,6,share_operating_loss,0.38299999999999995,decimal,2026-01-09,2026-10-02,https://pages.stern.nyu.edu/~adamodar/New_Home_Page/datafile/mktcapmult.html,"Uso libre según las reglas de uso de Damodaran ('no strings attached', https://pages.stern.nyu.edu/~adamodar/New_Home_Page/datahistory.html#rules); solo agregados por industria; se cita la fuente"
damodaran,US,7th decile,7,pe_trailing,21.72,multiple,2026-01-09,2026-10-02,https://pages.stern.nyu.edu/~adamodar/New_Home_Page/datafile/mktcapmult.html,"Uso libre según las reglas de uso de Damodaran ('no strings attached', https://pages.stern.nyu.edu/~adamodar/New_Home_Page/datahistory.html#rules); solo agregados por industria; se cita la fuente"
damodaran,US,7th decile,7,pe_forward,16.58,multiple,2026-01-09,2026-10-02,https://pages.stern.nyu.edu/~adamodar/New_Home_Page/datafile/mktcapmult.html,"Uso libre según las reglas de uso de Damodaran ('no strings attached', https://pages.stern.nyu.edu/~adamodar/New_Home_Page/datahistory.html#rules); solo agregados por industria; se cita la fuente"
damodaran,US,7th decile,7,peg,1.81,multiple,2026-01-09,2026-10-02,https://pages.stern.nyu.edu/~adamodar/New_Home_Page/datafile/mktcapmult.html,"Uso libre según las reglas de uso de Damodaran ('no strings attached', https://pages.stern.nyu.edu/~adamodar/New_Home_Page/datahistory.html#rules); solo agregados por industria; se cita la fuente"
damodaran,US,7th decile,7,pbv,2.19,multiple,2026-01-09,2026-10-02,https://pages.stern.nyu.edu/~adamodar/New_Home_Page/datafile/mktcapmult.html,"Uso libre según las reglas de uso de Damodaran ('no strings attached', https://pages.stern.nyu.edu/~adamodar/New_Home_Page/datahistory.html#rules); solo agregados por industria; se cita la fuente"
damodaran,US,7th decile,7,price_to_sales,1.74,multiple,2026-01-09,2026-10-02,https://pages.stern.nyu.edu/~adamodar/New_Home_Page/datafile/mktcapmult.html,"Uso libre según las reglas de uso de Damodaran ('no strings attached', https://pages.stern.nyu.edu/~adamodar/New_Home_Page/datahistory.html#rules); solo agregados por industria; se cita la fuente"
damodaran,US,7th decile,7,ev_ebit,19.31,multiple,2026-01-09,2026-10-02,https://pages.stern.nyu.edu/~adamodar/New_Home_Page/datafile/mktcapmult.html,"Uso libre según las reglas de uso de Damodaran ('no strings attached', https://pages.stern.nyu.edu/~adamodar/New_Home_Page/datahistory.html#rules); solo agregados por industria; se cita la fuente"
damodaran,US,7th decile,7,ev_ebitda,10.82,multiple,2026-01-09,2026-10-02,https://pages.stern.nyu.edu/~adamodar/New_Home_Page/datafile/mktcapmult.html,"Uso libre según las reglas de uso de Damodaran ('no strings attached', https://pages.stern.nyu.edu/~adamodar/New_Home_Page/datahistory.html#rules); solo agregados por industria; se cita la fuente"
damodaran,US,7th decile,7,ev_sales,2.21,multiple,2026-01-09,2026-10-02,https://pages.stern.nyu.edu/~adamodar/New_Home_Page/datafile/mktcapmult.html,"Uso libre según las reglas de uso de Damodaran ('no strings attached', https://pages.stern.nyu.edu/~adamodar/New_Home_Page/datahistory.html#rules); solo agregados por industria; se cita la fuente"
damodaran,US,7th decile,7,ev_invested_capital,2.62,multiple,2026-01-09,2026-10-02,https://pages.stern.nyu.edu/~adamodar/New_Home_Page/datafile/mktcapmult.html,"Uso libre según las reglas de uso de Damodaran ('no strings attached', https://pages.stern.nyu.edu/~adamodar/New_Home_Page/datahistory.html#rules); solo agregados por industria; se cita la fuente"
damodaran,US,7th decile,7,roe,0.0444,decimal,2026-01-09,2026-10-02,https://pages.stern.nyu.edu/~adamodar/New_Home_Page/datafile/mktcapmult.html,"Uso libre según las reglas de uso de Damodaran ('no strings attached', https://pages.stern.nyu.edu/~adamodar/New_Home_Page/datahistory.html#rules); solo agregados por industria; se cita la fuente"
damodaran,US,7th decile,7,roic_pretax,0.0678,decimal,2026-01-09,2026-10-02,https://pages.stern.nyu.edu/~adamodar/New_Home_Page/datafile/mktcapmult.html,"Uso libre según las reglas de uso de Damodaran ('no strings attached', https://pages.stern.nyu.edu/~adamodar/New_Home_Page/datahistory.html#rules); solo agregados por industria; se cita la fuente"
damodaran,US,7th decile,7,net_margin,0.024399999999999998,decimal,2026-01-09,2026-10-02,https://pages.stern.nyu.edu/~adamodar/New_Home_Page/datafile/mktcapmult.html,"Uso libre según las reglas de uso de Damodaran ('no strings attached', https://pages.stern.nyu.edu/~adamodar/New_Home_Page/datahistory.html#rules); solo agregados por industria; se cita la fuente"
damodaran,US,7th decile,7,operating_margin,0.06860000000000001,decimal,2026-01-09,2026-10-02,https://pages.stern.nyu.edu/~adamodar/New_Home_Page/datafile/mktcapmult.html,"Uso libre según las reglas de uso de Damodaran ('no strings attached', https://pages.stern.nyu.edu/~adamodar/New_Home_Page/datahistory.html#rules); solo agregados por industria; se cita la fuente"
damodaran,US,7th decile,7,share_net_loss,0.4293,decimal,2026-01-09,2026-10-02,https://pages.stern.nyu.edu/~adamodar/New_Home_Page/datafile/mktcapmult.html,"Uso libre según las reglas de uso de Damodaran ('no strings attached', https://pages.stern.nyu.edu/~adamodar/New_Home_Page/datahistory.html#rules); solo agregados por industria; se cita la fuente"
damodaran,US,7th decile,7,share_operating_loss,0.2648,decimal,2026-01-09,2026-10-02,https://pages.stern.nyu.edu/~adamodar/New_Home_Page/datafile/mktcapmult.html,"Uso libre según las reglas de uso de Damodaran ('no strings attached', https://pages.stern.nyu.edu/~adamodar/New_Home_Page/datahistory.html#rules); solo agregados por industria; se cita la fuente"
damodaran,US,8th decile,8,pe_trailing,22.44,multiple,2026-01-09,2026-10-02,https://pages.stern.nyu.edu/~adamodar/New_Home_Page/datafile/mktcapmult.html,"Uso libre según las reglas de uso de Damodaran ('no strings attached', https://pages.stern.nyu.edu/~adamodar/New_Home_Page/datahistory.html#rules); solo agregados por industria; se cita la fuente"
damodaran,US,8th decile,8,pe_forward,19.11,multiple,2026-01-09,2026-10-02,https://pages.stern.nyu.edu/~adamodar/New_Home_Page/datafile/mktcapmult.html,"Uso libre según las reglas de uso de Damodaran ('no strings attached', https://pages.stern.nyu.edu/~adamodar/New_Home_Page/datahistory.html#rules); solo agregados por industria; se cita la fuente"
damodaran,US,8th decile,8,peg,2.18,multiple,2026-01-09,2026-10-02,https://pages.stern.nyu.edu/~adamodar/New_Home_Page/datafile/mktcapmult.html,"Uso libre según las reglas de uso de Damodaran ('no strings attached', https://pages.stern.nyu.edu/~adamodar/New_Home_Page/datahistory.html#rules); solo agregados por industria; se cita la fuente"
damodaran,US,8th decile,8,pbv,2.98,multiple,2026-01-09,2026-10-02,https://pages.stern.nyu.edu/~adamodar/New_Home_Page/datafile/mktcapmult.html,"Uso libre según las reglas de uso de Damodaran ('no strings attached', https://pages.stern.nyu.edu/~adamodar/New_Home_Page/datahistory.html#rules); solo agregados por industria; se cita la fuente"
damodaran,US,8th decile,8,price_to_sales,2.51,multiple,2026-01-09,2026-10-02,https://pages.stern.nyu.edu/~adamodar/New_Home_Page/datafile/mktcapmult.html,"Uso libre según las reglas de uso de Damodaran ('no strings attached', https://pages.stern.nyu.edu/~adamodar/New_Home_Page/datahistory.html#rules); solo agregados por industria; se cita la fuente"
damodaran,US,8th decile,8,ev_ebit,18.21,multiple,2026-01-09,2026-10-02,https://pages.stern.nyu.edu/~adamodar/New_Home_Page/datafile/mktcapmult.html,"Uso libre según las reglas de uso de Damodaran ('no strings attached', https://pages.stern.nyu.edu/~adamodar/New_Home_Page/datahistory.html#rules); solo agregados por industria; se cita la fuente"
damodaran,US,8th decile,8,ev_ebitda,11.99,multiple,2026-01-09,2026-10-02,https://pages.stern.nyu.edu/~adamodar/New_Home_Page/datafile/mktcapmult.html,"Uso libre según las reglas de uso de Damodaran ('no strings attached', https://pages.stern.nyu.edu/~adamodar/New_Home_Page/datahistory.html#rules); solo agregados por industria; se cita la fuente"
damodaran,US,8th decile,8,ev_sales,3.1,multiple,2026-01-09,2026-10-02,https://pages.stern.nyu.edu/~adamodar/New_Home_Page/datafile/mktcapmult.html,"Uso libre según las reglas de uso de Damodaran ('no strings attached', https://pages.stern.nyu.edu/~adamodar/New_Home_Page/datahistory.html#rules); solo agregados por industria; se cita la fuente"
damodaran,US,8th decile,8,ev_invested_capital,3.25,multiple,2026-01-09,2026-10-02,https://pages.stern.nyu.edu/~adamodar/New_Home_Page/datafile/mktcapmult.html,"Uso libre según las reglas de uso de Damodaran ('no strings attached', https://pages.stern.nyu.edu/~adamodar/New_Home_Page/datahistory.html#rules); solo agregados por industria; se cita la fuente"
damodaran,US,8th decile,8,roe,0.0895,decimal,2026-01-09,2026-10-02,https://pages.stern.nyu.edu/~adamodar/New_Home_Page/datafile/mktcapmult.html,"Uso libre según las reglas de uso de Damodaran ('no strings attached', https://pages.stern.nyu.edu/~adamodar/New_Home_Page/datahistory.html#rules); solo agregados por industria; se cita la fuente"
damodaran,US,8th decile,8,roic_pretax,0.0998,decimal,2026-01-09,2026-10-02,https://pages.stern.nyu.edu/~adamodar/New_Home_Page/datafile/mktcapmult.html,"Uso libre según las reglas de uso de Damodaran ('no strings attached', https://pages.stern.nyu.edu/~adamodar/New_Home_Page/datahistory.html#rules); solo agregados por industria; se cita la fuente"
damodaran,US,8th decile,8,net_margin,0.0545,decimal,2026-01-09,2026-10-02,https://pages.stern.nyu.edu/~adamodar/New_Home_Page/datafile/mktcapmult.html,"Uso libre según las reglas de uso de Damodaran ('no strings attached', https://pages.stern.nyu.edu/~adamodar/New_Home_Page/datahistory.html#rules); solo agregados por industria; se cita la fuente"
damodaran,US,8th decile,8,operating_margin,0.1072,decimal,2026-01-09,2026-10-02,https://pages.stern.nyu.edu/~adamodar/New_Home_Page/datafile/mktcapmult.html,"Uso libre según las reglas de uso de Damodaran ('no strings attached', https://pages.stern.nyu.edu/~adamodar/New_Home_Page/datahistory.html#rules); solo agregados por industria; se cita la fuente"
damodaran,US,8th decile,8,share_net_loss,0.2846,decimal,2026-01-09,2026-10-02,https://pages.stern.nyu.edu/~adamodar/New_Home_Page/datafile/mktcapmult.html,"Uso libre según las reglas de uso de Damodaran ('no strings attached', https://pages.stern.nyu.edu/~adamodar/New_Home_Page/datahistory.html#rules); solo agregados por industria; se cita la fuente"
damodaran,US,8th decile,8,share_operating_loss,0.18969999999999998,decimal,2026-01-09,2026-10-02,https://pages.stern.nyu.edu/~adamodar/New_Home_Page/datafile/mktcapmult.html,"Uso libre según las reglas de uso de Damodaran ('no strings attached', https://pages.stern.nyu.edu/~adamodar/New_Home_Page/datahistory.html#rules); solo agregados por industria; se cita la fuente"
damodaran,US,9th decile,9,pe_trailing,25.13,multiple,2026-01-09,2026-10-02,https://pages.stern.nyu.edu/~adamodar/New_Home_Page/datafile/mktcapmult.html,"Uso libre según las reglas de uso de Damodaran ('no strings attached', https://pages.stern.nyu.edu/~adamodar/New_Home_Page/datahistory.html#rules); solo agregados por industria; se cita la fuente"
damodaran,US,9th decile,9,pe_forward,19.97,multiple,2026-01-09,2026-10-02,https://pages.stern.nyu.edu/~adamodar/New_Home_Page/datafile/mktcapmult.html,"Uso libre según las reglas de uso de Damodaran ('no strings attached', https://pages.stern.nyu.edu/~adamodar/New_Home_Page/datahistory.html#rules); solo agregados por industria; se cita la fuente"
damodaran,US,9th decile,9,peg,2.31,multiple,2026-01-09,2026-10-02,https://pages.stern.nyu.edu/~adamodar/New_Home_Page/datafile/mktcapmult.html,"Uso libre según las reglas de uso de Damodaran ('no strings attached', https://pages.stern.nyu.edu/~adamodar/New_Home_Page/datahistory.html#rules); solo agregados por industria; se cita la fuente"
damodaran,US,9th decile,9,pbv,3.43,multiple,2026-01-09,2026-10-02,https://pages.stern.nyu.edu/~adamodar/New_Home_Page/datafile/mktcapmult.html,"Uso libre según las reglas de uso de Damodaran ('no strings attached', https://pages.stern.nyu.edu/~adamodar/New_Home_Page/datahistory.html#rules); solo agregados por industria; se cita la fuente"
damodaran,US,9th decile,9,price_to_sales,2.99,multiple,2026-01-09,2026-10-02,https://pages.stern.nyu.edu/~adamodar/New_Home_Page/datafile/mktcapmult.html,"Uso libre según las reglas de uso de Damodaran ('no strings attached', https://pages.stern.nyu.edu/~adamodar/New_Home_Page/datahistory.html#rules); solo agregados por industria; se cita la fuente"
damodaran,US,9th decile,9,ev_ebit,20.08,multiple,2026-01-09,2026-10-02,https://pages.stern.nyu.edu/~adamodar/New_Home_Page/datafile/mktcapmult.html,"Uso libre según las reglas de uso de Damodaran ('no strings attached', https://pages.stern.nyu.edu/~adamodar/New_Home_Page/datahistory.html#rules); solo agregados por industria; se cita la fuente"
damodaran,US,9th decile,9,ev_ebitda,13.49,multiple,2026-01-09,2026-10-02,https://pages.stern.nyu.edu/~adamodar/New_Home_Page/datafile/mktcapmult.html,"Uso libre según las reglas de uso de Damodaran ('no strings attached', https://pages.stern.nyu.edu/~adamodar/New_Home_Page/datahistory.html#rules); solo agregados por industria; se cita la fuente"
damodaran,US,9th decile,9,ev_sales,3.5,multiple,2026-01-09,2026-10-02,https://pages.stern.nyu.edu/~adamodar/New_Home_Page/datafile/mktcapmult.html,"Uso libre según las reglas de uso de Damodaran ('no strings attached', https://pages.stern.nyu.edu/~adamodar/New_Home_Page/datahistory.html#rules); solo agregados por industria; se cita la fuente"
damodaran,US,9th decile,9,ev_invested_capital,3.97,multiple,2026-01-09,2026-10-02,https://pages.stern.nyu.edu/~adamodar/New_Home_Page/datafile/mktcapmult.html,"Uso libre según las reglas de uso de Damodaran ('no strings attached', https://pages.stern.nyu.edu/~adamodar/New_Home_Page/datahistory.html#rules); solo agregados por industria; se cita la fuente"
damodaran,US,9th decile,9,roe,0.11779999999999999,decimal,2026-01-09,2026-10-02,https://pages.stern.nyu.edu/~adamodar/New_Home_Page/datafile/mktcapmult.html,"Uso libre según las reglas de uso de Damodaran ('no strings attached', https://pages.stern.nyu.edu/~adamodar/New_Home_Page/datahistory.html#rules); solo agregados por industria; se cita la fuente"
damodaran,US,9th decile,9,roic_pretax,0.1267,decimal,2026-01-09,2026-10-02,https://pages.stern.nyu.edu/~adamodar/New_Home_Page/datafile/mktcapmult.html,"Uso libre según las reglas de uso de Damodaran ('no strings attached', https://pages.stern.nyu.edu/~adamodar/New_Home_Page/datahistory.html#rules); solo agregados por industria; se cita la fuente"
damodaran,US,9th decile,9,net_margin,0.0793,decimal,2026-01-09,2026-10-02,https://pages.stern.nyu.edu/~adamodar/New_Home_Page/datafile/mktcapmult.html,"Uso libre según las reglas de uso de Damodaran ('no strings attached', https://pages.stern.nyu.edu/~adamodar/New_Home_Page/datahistory.html#rules); solo agregados por industria; se cita la fuente"
damodaran,US,9th decile,9,operating_margin,0.1247,decimal,2026-01-09,2026-10-02,https://pages.stern.nyu.edu/~adamodar/New_Home_Page/datafile/mktcapmult.html,"Uso libre según las reglas de uso de Damodaran ('no strings attached', https://pages.stern.nyu.edu/~adamodar/New_Home_Page/datahistory.html#rules); solo agregados por industria; se cita la fuente"
damodaran,US,9th decile,9,share_net_loss,0.2237,decimal,2026-01-09,2026-10-02,https://pages.stern.nyu.edu/~adamodar/New_Home_Page/datafile/mktcapmult.html,"Uso libre según las reglas de uso de Damodaran ('no strings attached', https://pages.stern.nyu.edu/~adamodar/New_Home_Page/datahistory.html#rules); solo agregados por industria; se cita la fuente"
damodaran,US,9th decile,9,share_operating_loss,0.1465,decimal,2026-01-09,2026-10-02,https://pages.stern.nyu.edu/~adamodar/New_Home_Page/datafile/mktcapmult.html,"Uso libre según las reglas de uso de Damodaran ('no strings attached', https://pages.stern.nyu.edu/~adamodar/New_Home_Page/datahistory.html#rules); solo agregados por industria; se cita la fuente"
damodaran,US,Top decile,10,pe_trailing,27.77,multiple,2026-01-09,2026-10-02,https://pages.stern.nyu.edu/~adamodar/New_Home_Page/datafile/mktcapmult.html,"Uso libre según las reglas de uso de Damodaran ('no strings attached', https://pages.stern.nyu.edu/~adamodar/New_Home_Page/datahistory.html#rules); solo agregados por industria; se cita la fuente"
damodaran,US,Top decile,10,pe_forward,22.22,multiple,2026-01-09,2026-10-02,https://pages.stern.nyu.edu/~adamodar/New_Home_Page/datafile/mktcapmult.html,"Uso libre según las reglas de uso de Damodaran ('no strings attached', https://pages.stern.nyu.edu/~adamodar/New_Home_Page/datahistory.html#rules); solo agregados por industria; se cita la fuente"
damodaran,US,Top decile,10,peg,2.5,multiple,2026-01-09,2026-10-02,https://pages.stern.nyu.edu/~adamodar/New_Home_Page/datafile/mktcapmult.html,"Uso libre según las reglas de uso de Damodaran ('no strings attached', https://pages.stern.nyu.edu/~adamodar/New_Home_Page/datahistory.html#rules); solo agregados por industria; se cita la fuente"
damodaran,US,Top decile,10,pbv,5.38,multiple,2026-01-09,2026-10-02,https://pages.stern.nyu.edu/~adamodar/New_Home_Page/datafile/mktcapmult.html,"Uso libre según las reglas de uso de Damodaran ('no strings attached', https://pages.stern.nyu.edu/~adamodar/New_Home_Page/datahistory.html#rules); solo agregados por industria; se cita la fuente"
damodaran,US,Top decile,10,price_to_sales,4.23,multiple,2026-01-09,2026-10-02,https://pages.stern.nyu.edu/~adamodar/New_Home_Page/datafile/mktcapmult.html,"Uso libre según las reglas de uso de Damodaran ('no strings attached', https://pages.stern.nyu.edu/~adamodar/New_Home_Page/datahistory.html#rules); solo agregados por industria; se cita la fuente"
damodaran,US,Top decile,10,ev_ebit,22.85,multiple,2026-01-09,2026-10-02,https://pages.stern.nyu.edu/~adamodar/New_Home_Page/datafile/mktcapmult.html,"Uso libre según las reglas de uso de Damodaran ('no strings attached', https://pages.stern.nyu.edu/~adamodar/New_Home_Page/datahistory.html#rules); solo agregados por industria; se cita la fuente"
damodaran,US,Top decile,10,ev_ebitda,16.1,multiple,2026-01-09,2026-10-02,https://pages.stern.nyu.edu/~adamodar/New_Home_Page/datafile/mktcapmult.html,"Uso libre según las reglas de uso de Damodaran ('no strings attached', https://pages.stern.nyu.edu/~adamodar/New_Home_Page/datahistory.html#rules); solo agregados por industria; se cita la fuente"
damodaran,US,Top decile,10,ev_sales,5.11,multiple,2026-01-09,2026-10-02,https://pages.stern.nyu.edu/~adamodar/New_Home_Page/datafile/mktcapmult.html,"Uso libre según las reglas de uso de Damodaran ('no strings attached', https://pages.stern.nyu.edu/~adamodar/New_Home_Page/datahistory.html#rules); solo agregados por industria; se cita la fuente"
damodaran,US,Top decile,10,ev_invested_capital,6.13,multiple,2026-01-09,2026-10-02,https://pages.stern.nyu.edu/~adamodar/New_Home_Page/datafile/mktcapmult.html,"Uso libre según las reglas de uso de Damodaran ('no strings attached', https://pages.stern.nyu.edu/~adamodar/New_Home_Page/datahistory.html#rules); solo agregados por industria; se cita la fuente"
damodaran,US,Top decile,10,roe,0.18359999999999999,decimal,2026-01-09,2026-10-02,https://pages.stern.nyu.edu/~adamodar/New_Home_Page/datafile/mktcapmult.html,"Uso libre según las reglas de uso de Damodaran ('no strings attached', https://pages.stern.nyu.edu/~adamodar/New_Home_Page/datahistory.html#rules); solo agregados por industria; se cita la fuente"
damodaran,US,Top decile,10,roic_pretax,0.1923,decimal,2026-01-09,2026-10-02,https://pages.stern.nyu.edu/~adamodar/New_Home_Page/datafile/mktcapmult.html,"Uso libre según las reglas de uso de Damodaran ('no strings attached', https://pages.stern.nyu.edu/~adamodar/New_Home_Page/datahistory.html#rules); solo agregados por industria; se cita la fuente"
damodaran,US,Top decile,10,net_margin,0.1207,decimal,2026-01-09,2026-10-02,https://pages.stern.nyu.edu/~adamodar/New_Home_Page/datafile/mktcapmult.html,"Uso libre según las reglas de uso de Damodaran ('no strings attached', https://pages.stern.nyu.edu/~adamodar/New_Home_Page/datahistory.html#rules); solo agregados por industria; se cita la fuente"
damodaran,US,Top decile,10,operating_margin,0.1812,decimal,2026-01-09,2026-10-02,https://pages.stern.nyu.edu/~adamodar/New_Home_Page/datafile/mktcapmult.html,"Uso libre según las reglas de uso de Damodaran ('no strings attached', https://pages.stern.nyu.edu/~adamodar/New_Home_Page/datahistory.html#rules); solo agregados por industria; se cita la fuente"
damodaran,US,Top decile,10,share_net_loss,0.0872,decimal,2026-01-09,2026-10-02,https://pages.stern.nyu.edu/~adamodar/New_Home_Page/datafile/mktcapmult.html,"Uso libre según las reglas de uso de Damodaran ('no strings attached', https://pages.stern.nyu.edu/~adamodar/New_Home_Page/datahistory.html#rules); solo agregados por industria; se cita la fuente"
damodaran,US,Top decile,10,share_operating_loss,0.0692,decimal,2026-01-09,2026-10-02,https://pages.stern.nyu.edu/~adamodar/New_Home_Page/datafile/mktcapmult.html,"Uso libre según las reglas de uso de Damodaran ('no strings attached', https://pages.stern.nyu.edu/~adamodar/New_Home_Page/datahistory.html#rules); solo agregados por industria; se cita la fuente"
damodaran,US,All firms,11,pe_trailing,20.21,multiple,2026-01-09,2026-10-02,https://pages.stern.nyu.edu/~adamodar/New_Home_Page/datafile/mktcapmult.html,"Uso libre según las reglas de uso de Damodaran ('no strings attached', https://pages.stern.nyu.edu/~adamodar/New_Home_Page/datahistory.html#rules); solo agregados por industria; se cita la fuente"
damodaran,US,All firms,11,pe_forward,18.94,multiple,2026-01-09,2026-10-02,https://pages.stern.nyu.edu/~adamodar/New_Home_Page/datafile/mktcapmult.html,"Uso libre según las reglas de uso de Damodaran ('no strings attached', https://pages.stern.nyu.edu/~adamodar/New_Home_Page/datahistory.html#rules); solo agregados por industria; se cita la fuente"
damodaran,US,All firms,11,peg,1.84,multiple,2026-01-09,2026-10-02,https://pages.stern.nyu.edu/~adamodar/New_Home_Page/datafile/mktcapmult.html,"Uso libre según las reglas de uso de Damodaran ('no strings attached', https://pages.stern.nyu.edu/~adamodar/New_Home_Page/datahistory.html#rules); solo agregados por industria; se cita la fuente"
damodaran,US,All firms,11,pbv,1.85,multiple,2026-01-09,2026-10-02,https://pages.stern.nyu.edu/~adamodar/New_Home_Page/datafile/mktcapmult.html,"Uso libre según las reglas de uso de Damodaran ('no strings attached', https://pages.stern.nyu.edu/~adamodar/New_Home_Page/datahistory.html#rules); solo agregados por industria; se cita la fuente"
damodaran,US,All firms,11,price_to_sales,1.75,multiple,2026-01-09,2026-10-02,https://pages.stern.nyu.edu/~adamodar/New_Home_Page/datafile/mktcapmult.html,"Uso libre según las reglas de uso de Damodaran ('no strings attached', https://pages.stern.nyu.edu/~adamodar/New_Home_Page/datahistory.html#rules); solo agregados por industria; se cita la fuente"
damodaran,US,All firms,11,ev_ebit,18.33,multiple,2026-01-09,2026-10-02,https://pages.stern.nyu.edu/~adamodar/New_Home_Page/datafile/mktcapmult.html,"Uso libre según las reglas de uso de Damodaran ('no strings attached', https://pages.stern.nyu.edu/~adamodar/New_Home_Page/datahistory.html#rules); solo agregados por industria; se cita la fuente"
damodaran,US,All firms,11,ev_ebitda,11.93,multiple,2026-01-09,2026-10-02,https://pages.stern.nyu.edu/~adamodar/New_Home_Page/datafile/mktcapmult.html,"Uso libre según las reglas de uso de Damodaran ('no strings attached', https://pages.stern.nyu.edu/~adamodar/New_Home_Page/datahistory.html#rules); solo agregados por industria; se cita la fuente"
damodaran,US,All firms,11,ev_sales,2.32,multiple,2026-01-09,2026-10-02,https://pages.stern.nyu.edu/~adamodar/New_Home_Page/datafile/mktcapmult.html,"Uso libre según las reglas de uso de Damodaran ('no strings attached', https://pages.stern.nyu.edu/~adamodar/New_Home_Page/datahistory.html#rules); solo agregados por industria; se cita la fuente"
damodaran,US,All firms,11,ev_invested_capital,2.06,multiple,2026-01-09,2026-10-02,https://pages.stern.nyu.edu/~adamodar/New_Home_Page/datafile/mktcapmult.html,"Uso libre según las reglas de uso de Damodaran ('no strings attached', https://pages.stern.nyu.edu/~adamodar/New_Home_Page/datahistory.html#rules); solo agregados por industria; se cita la fuente"
damodaran,US,All firms,11,roe,0.0208,decimal,2026-01-09,2026-10-02,https://pages.stern.nyu.edu/~adamodar/New_Home_Page/datafile/mktcapmult.html,"Uso libre según las reglas de uso de Damodaran ('no strings attached', https://pages.stern.nyu.edu/~adamodar/New_Home_Page/datahistory.html#rules); solo agregados por industria; se cita la fuente"
damodaran,US,All firms,11,roic_pretax,0.041299999999999996,decimal,2026-01-09,2026-10-02,https://pages.stern.nyu.edu/~adamodar/New_Home_Page/datafile/mktcapmult.html,"Uso libre según las reglas de uso de Damodaran ('no strings attached', https://pages.stern.nyu.edu/~adamodar/New_Home_Page/datahistory.html#rules); solo agregados por industria; se cita la fuente"
damodaran,US,All firms,11,net_margin,0.012199999999999999,decimal,2026-01-09,2026-10-02,https://pages.stern.nyu.edu/~adamodar/New_Home_Page/datafile/mktcapmult.html,"Uso libre según las reglas de uso de Damodaran ('no strings attached', https://pages.stern.nyu.edu/~adamodar/New_Home_Page/datahistory.html#rules); solo agregados por industria; se cita la fuente"
damodaran,US,All firms,11,operating_margin,0.0391,decimal,2026-01-09,2026-10-02,https://pages.stern.nyu.edu/~adamodar/New_Home_Page/datafile/mktcapmult.html,"Uso libre según las reglas de uso de Damodaran ('no strings attached', https://pages.stern.nyu.edu/~adamodar/New_Home_Page/datahistory.html#rules); solo agregados por industria; se cita la fuente"
damodaran,US,All firms,11,share_net_loss,0.40659999999999996,decimal,2026-01-09,2026-10-02,https://pages.stern.nyu.edu/~adamodar/New_Home_Page/datafile/mktcapmult.html,"Uso libre según las reglas de uso de Damodaran ('no strings attached', https://pages.stern.nyu.edu/~adamodar/New_Home_Page/datahistory.html#rules); solo agregados por industria; se cita la fuente"
damodaran,US,All firms,11,share_operating_loss,0.358,decimal,2026-01-09,2026-10-02,https://pages.stern.nyu.edu/~adamodar/New_Home_Page/datafile/mktcapmult.html,"Uso libre según las reglas de uso de Damodaran ('no strings attached', https://pages.stern.nyu.edu/~adamodar/New_Home_Page/datahistory.html#rules); solo agregados por industria; se cita la fuente"
