source_id,name,type,access_status,integrated,last_updated,url,license,notes
damodaran,Aswath Damodaran - datos por industria (EE. UU.),pública,acceso libre verificado (HTML),sí,2026-01-09,https://pages.stern.nyu.edu/~adamodar/New_Home_Page/datacurrent.html,"Uso libre ('no strings attached'), cita opcional; solo agregados por industria",94 industrias + 2 filas de total de mercado; clases de capitalización y prima de riesgo implícita. Versiones de Europa/global solo en Excel: fuera de la v1
ecb,Banco Central Europeo - ECB Data Portal,API gratuita,API pública sin clave verificada,sí,2026-10-02,https://data.ecb.europa.eu/,"Uso libre citando al BCE como fuente y reproduciendo los datos con exactitud",Tipo de cambio EUR/USD de referencia y tipo spot a 10 años de la curva AAA de la zona euro
supuesto_propio,Supuestos propios por etapa,supuesto propio,editable en la app,sí,2026-10-02,,Supuestos ilustrativos del autor (MIT con el código),IRR objetivo; supervivencia; dilución; iliquidez por etapa. Se sustituyen cuando se integre una fuente verificada con datos por etapa
fred,FRED - Federal Reserve Bank of St. Louis,API gratuita,pendiente de verificar,no,,https://fred.stlouisfed.org/,pendiente de verificar,Candidata para la tasa libre de riesgo de EE. UU. (DGS10) y la curva de tipos. Requiere clave de API gratuita (variable de entorno)
sec_form_d,SEC EDGAR - Form D (ofertas privadas Reg D),pública,pendiente de verificar,no,,https://www.sec.gov/data-research/sec-markets-data,pendiente de verificar (datos del gobierno de EE. UU.),Candidata para el tamaño de ronda por industria y año
sec_form_c,SEC EDGAR - Form C (crowdfunding Reg CF),pública,pendiente de verificar,no,,https://www.sec.gov/data-research/sec-markets-data,pendiente de verificar (datos del gobierno de EE. UU.),Candidata con datos por etapa (semilla): ingresos; beneficio; valoración de la oferta. Muestra sesgada hacia crowdfunding
french,Kenneth French Data Library,pública,pendiente de verificar,no,,https://mba.tuck.dartmouth.edu/pages/faculty/ken.french/data_library.html,pendiente de verificar,Candidata para retornos y factores por industria
fernandez_erp,Pablo Fernandez (IESE) - encuesta de prima de riesgo,informe,pendiente de verificar,no,,,pendiente de verificar,Candidata para la prima de riesgo por país
kroll,Kroll - prima de riesgo recomendada,de pago,de pago o restringido,no,,,No redistribuible (supuesto; verificar),Fuera de la v1
carta,Carta - valoraciones por etapa,informe,pendiente de verificar,no,,,pendiente de verificar,Candidata prioritaria para datos por etapa si los informes públicos permiten reutilizar cifras
pitchbook_nvca,PitchBook-NVCA Venture Monitor,informe,pendiente de verificar,no,,,pendiente de verificar,Candidata para datos por etapa; probablemente con restricciones de reutilización
